capture_dir,repetition,pilot_symbols,payload_index,target_snr_db,actual_synthetic_snr_db,pilot_estimated_snr_db,signal_power,synthetic_noise_power,pilot_ber_after_noise,pilot_score_after_noise
captures/defined_pilot_sweep_20260417_152018_qpsk_paper_k04,0,4,0,5.0,4.011504946980239,10.7355588207475,0.9614084362983704,0.3817310035228729,0.0,0.9602876305580139
captures/defined_pilot_sweep_20260417_152018_qpsk_paper_k04,1,4,0,5.0,3.952973146544197,2.9053672630304206,0.9614084362983704,0.3869105875492096,0.125,0.8131887912750244
captures/defined_pilot_sweep_20260417_152018_qpsk_paper_k04,2,4,0,5.0,4.781520909792749,0.8185061746830631,0.9614084362983704,0.3197097182273865,0.125,0.7395796775817871
captures/defined_pilot_sweep_20260417_152018_qpsk_paper_k04,3,4,0,5.0,3.6533665371786976,6.626532235424623,0.9614084362983704,0.41454461216926575,0.0,0.9063075184822083
captures/defined_pilot_sweep_20260417_152018_qpsk_paper_k04,4,4,0,5.0,5.5797680560420115,6.086773586798049,0.9614084362983704,0.26603031158447266,0.125,0.8957827687263489
captures/defined_pilot_sweep_20260417_152018_qpsk_paper_k04,5,4,0,5.0,5.347162425573771,5.960873803165172,0.9614084362983704,0.2806672155857086,0.0,0.8931912779808044
captures/defined_pilot_sweep_20260417_152018_qpsk_paper_k04,6,4,0,5.0,5.161289559116273,10.531403606673756,0.9614084362983704,0.2929401993751526,0.0,0.9584935307502747
captures/defined_pilot_sweep_20260417_152018_qpsk_paper_k04,7,4,0,5.0,6.39136745596123,6.495633671111724,0.9614084362983704,0.22068417072296143,0.0,0.903840959072113
captures/defined_pilot_sweep_20260417_152018_qpsk_paper_k04,8,4,0,5.0,4.618037797234217,12.51925314190635,0.9614084362983704,0.331974059343338,0.0,0.9731305837631226
captures/defined_pilot_sweep_20260417_152018_qpsk_paper_k04,9,4,0,5.0,5.290810853779066,3.104136409066507,0.9614084362983704,0.2843327224254608,0.0,0.8194210529327393
captures/defined_pilot_sweep_20260417_152018_qpsk_paper_k04,10,4,0,5.0,5.182365550899235,7.894342324965602,0.9614084362983704,0.2915220260620117,0.0,0.927520751953125
captures/defined_pilot_sweep_20260417_152018_qpsk_paper_k04,11,4,0,5.0,5.889843156430814,10.182915626202309,0.9614084362983704,0.24769863486289978,0.0,0.9552552103996277
captures/defined_pilot_sweep_20260417_152018_qpsk_paper_k04,12,4,0,5.0,6.012072780563323,16.15720826069481,0.9614084362983704,0.24082449078559875,0.0,0.9881030321121216
captures/defined_pilot_sweep_20260417_152018_qpsk_paper_k04,13,4,0,5.0,5.219738492653296,7.458467623421031,0.9614084362983704,0.28902411460876465,0.0,0.9207553863525391
captures/defined_pilot_sweep_20260417_152018_qpsk_paper_k04,14,4,0,5.0,5.045573048761245,5.662644540933265,0.9614084362983704,0.30085042119026184,0.0,0.8868404030799866
captures/defined_pilot_sweep_20260417_152018_qpsk_paper_k04,15,4,0,5.0,4.839170692725246,5.916456500127301,0.9614084362983704,0.3154938220977783,0.0,0.8922643065452576
captures/defined_pilot_sweep_20260417_152018_qpsk_paper_k04,16,4,0,5.0,5.360400539515466,8.983832692403274,0.9614084362983704,0.2798129916191101,0.0,0.9422388076782227
captures/defined_pilot_sweep_20260417_152018_qpsk_paper_k04,17,4,0,5.0,4.046595653285732,3.4273398555926278,0.9614084362983704,0.37865906953811646,0.0,0.8292491436004639
captures/defined_pilot_sweep_20260417_152018_qpsk_paper_k04,18,4,0,5.0,5.796273786626733,8.962860413225991,0.9614084362983704,0.25309324264526367,0.0,0.941983163356781
captures/defined_pilot_sweep_20260417_152018_qpsk_paper_k04,19,4,0,5.0,6.146830676969417,6.685088707943509,0.9614084362983704,0.23346665501594543,0.0,0.9073933959007263
captures/defined_pilot_sweep_20260417_152018_qpsk_paper_k08,0,8,0,5.0,5.602390562364991,3.8037527763645573,1.1670750379562378,0.32126227021217346,0.0,0.8402146697044373
captures/defined_pilot_sweep_20260417_152018_qpsk_paper_k08,1,8,0,5.0,5.601342397546349,4.797308729855338,1.1670750379562378,0.32133981585502625,0.0625,0.8666746616363525
captures/defined_pilot_sweep_20260417_152018_qpsk_paper_k08,2,8,0,5.0,5.302832700701934,4.511120593319932,1.1670750379562378,0.3442036807537079,0.0625,0.8594205975532532
captures/defined_pilot_sweep_20260417_152018_qpsk_paper_k08,3,8,0,5.0,5.279623276322866,9.558101957795738,1.1670750379562378,0.3460480868816376,0.0,0.9488542079925537
captures/defined_pilot_sweep_20260417_152018_qpsk_paper_k08,4,8,0,5.0,5.635778253906183,5.7314901736814345,1.1670750379562378,0.3188019394874573,0.0,0.8883332014083862
captures/defined_pilot_sweep_20260417_152018_qpsk_paper_k08,5,8,0,5.0,3.4194789359911852,5.27819444759142,1.1670750379562378,0.5310689210891724,0.0,0.8782050609588623
captures/defined_pilot_sweep_20260417_152018_qpsk_paper_k08,6,8,0,5.0,4.250633784744593,4.630343606012603,1.1670750379562378,0.4385664463043213,0.0,0.8624784350395203
captures/defined_pilot_sweep_20260417_152018_qpsk_paper_k08,7,8,0,5.0,4.524056835598958,-0.2787594148505484,1.1670750379562378,0.4118064045906067,0.125,0.695671558380127
captures/defined_pilot_sweep_20260417_152018_qpsk_paper_k08,8,8,0,5.0,6.292909871150104,5.453745968554427,1.1670750379562378,0.27403610944747925,0.0,0.8822116255760193
captures/defined_pilot_sweep_20260417_152018_qpsk_paper_k08,9,8,0,5.0,5.334049569839461,3.7925888850926976,1.1670750379562378,0.34173843264579773,0.0,0.8398968577384949
captures/defined_pilot_sweep_20260417_152018_qpsk_paper_k08,10,8,0,5.0,4.141620222865074,4.388755954065049,1.1670750379562378,0.4497143626213074,0.0625,0.8562285900115967
captures/defined_pilot_sweep_20260417_152018_qpsk_paper_k08,11,8,0,5.0,4.0155653647572205,3.9162560522297096,1.1670750379562378,0.4629586935043335,0.0625,0.8433915376663208
captures/defined_pilot_sweep_20260417_152018_qpsk_paper_k08,12,8,0,5.0,4.204735130763561,4.653306865981186,1.1670750379562378,0.44322603940963745,0.0625,0.8630614280700684
captures/defined_pilot_sweep_20260417_152018_qpsk_paper_k08,13,8,0,5.0,5.81060966193169,8.870996842539785,1.1670750379562378,0.3062230050563812,0.0,0.9408507347106934
captures/defined_pilot_sweep_20260417_152018_qpsk_paper_k08,14,8,0,5.0,5.13047117409927,5.129047180629316,1.1670750379562378,0.3581390380859375,0.0,0.8747164011001587
captures/defined_pilot_sweep_20260417_152018_qpsk_paper_k08,15,8,0,5.0,5.2703215753399455,3.79678132644177,1.1670750379562378,0.34679004549980164,0.0625,0.8400163650512695
captures/defined_pilot_sweep_20260417_152018_qpsk_paper_k08,16,8,0,5.0,5.830427091246309,5.537368850999962,1.1670750379562378,0.30482885241508484,0.0625,0.884082555770874
captures/defined_pilot_sweep_20260417_152018_qpsk_paper_k08,17,8,0,5.0,4.113994422635443,5.904204137375952,1.1670750379562378,0.4525841474533081,0.0625,0.8920074701309204
captures/defined_pilot_sweep_20260417_152018_qpsk_paper_k08,18,8,0,5.0,4.386595916729187,10.63292534249982,1.1670750379562378,0.42504918575286865,0.0,0.9593948721885681
captures/defined_pilot_sweep_20260417_152018_qpsk_paper_k08,19,8,0,5.0,4.143832564262593,3.0350077454305517,1.1670750379562378,0.44948533177375793,0.125,0.8172696232795715
captures/defined_pilot_sweep_20260417_160902_qpsk_paper_k03_r02,0,3,0,5.0,4.127292010205672,10.42106184715269,0.677751898765564,0.26202428340911865,0.0,0.9574925899505615
captures/defined_pilot_sweep_20260417_160902_qpsk_paper_k03_r02,1,3,0,5.0,5.232962138997098,7.887954209297597,0.677751898765564,0.20313021540641785,0.0,0.9274252653121948
captures/defined_pilot_sweep_20260417_160902_qpsk_paper_k03_r02,2,3,0,5.0,5.256093889896568,13.707038448504075,0.677751898765564,0.20205116271972656,0.0,0.9793624877929688
captures/defined_pilot_sweep_20260417_160902_qpsk_paper_k03_r02,3,3,0,5.0,4.235455853286346,0.8898328627965479,0.677751898765564,0.25557899475097656,0.16666666666666666,0.742323637008667
captures/defined_pilot_sweep_20260417_160902_qpsk_paper_k03_r02,4,3,0,5.0,4.864686194483465,3.2939496040256273,0.677751898765564,0.22110681235790253,0.16666666666666666,0.8252388834953308
captures/defined_pilot_sweep_20260417_160902_qpsk_paper_k03_r02,5,3,0,5.0,4.96586361877272,1.9594178140305065,0.677751898765564,0.21601523458957672,0.0,0.7816123962402344
captures/defined_pilot_sweep_20260417_160902_qpsk_paper_k03_r02,6,3,0,5.0,4.819289528362305,8.255509948288175,0.677751898765564,0.22343015670776367,0.0,0.9327342510223389
captures/defined_pilot_sweep_20260417_160902_qpsk_paper_k03_r02,7,3,0,5.0,4.429024581039515,2.7288642470769213,0.677751898765564,0.24443775415420532,0.16666666666666666,0.8075356483459473
captures/defined_pilot_sweep_20260417_160902_qpsk_paper_k03_r02,8,3,0,5.0,6.307677978794707,7.995603668920026,0.677751898765564,0.15859991312026978,0.0,0.9290174245834351
captures/defined_pilot_sweep_20260417_160902_qpsk_paper_k03_r02,9,3,0,5.0,5.3059586410636195,3.836428118101333,0.677751898765564,0.19974452257156372,0.0,0.8411420583724976
captures/defined_pilot_sweep_20260417_160902_qpsk_paper_k03_r02,10,3,0,5.0,4.953252342947871,7.988197827398316,0.677751898765564,0.21664342284202576,0.0,0.9289089441299438
captures/defined_pilot_sweep_20260417_160902_qpsk_paper_k03_r02,11,3,0,5.0,5.724836200340139,1.197984664079324,0.677751898765564,0.1813790500164032,0.16666666666666666,0.7540076971054077
captures/defined_pilot_sweep_20260417_160902_qpsk_paper_k03_r02,12,3,0,5.0,4.120389943630883,6.4337989674300715,0.677751898765564,0.2624410390853882,0.0,0.9026569128036499
captures/defined_pilot_sweep_20260417_160902_qpsk_paper_k03_r02,13,3,0,5.0,5.210978884250764,10.895652377857967,0.677751898765564,0.20416103303432465,0.0,0.9616430997848511
captures/defined_pilot_sweep_20260417_160902_qpsk_paper_k03_r02,14,3,0,5.0,5.934608605374912,5.05176475710231,0.677751898765564,0.17282631993293762,0.0,0.8728778958320618
captures/defined_pilot_sweep_20260417_160902_qpsk_paper_k03_r02,15,3,0,5.0,6.702910307520661,13.225711953320651,0.677751898765564,0.1448037177324295,0.0,0.9770264029502869
captures/defined_pilot_sweep_20260417_160902_qpsk_paper_k03_r02,16,3,0,5.0,6.141189070943773,-4.025446346009018,0.677751898765564,0.16479796171188354,0.3333333333333333,0.5324991941452026
captures/defined_pilot_sweep_20260417_160902_qpsk_paper_k03_r02,17,3,0,5.0,4.584503814591119,15.654236560321218,0.677751898765564,0.2358415722846985,0.0,0.9866711497306824
captures/defined_pilot_sweep_20260417_160902_qpsk_paper_k03_r02,18,3,0,5.0,5.425129278372117,16.523078448882032,0.677751898765564,0.19433803856372833,0.0,0.9890483617782593
captures/defined_pilot_sweep_20260417_160902_qpsk_paper_k03_r02,19,3,0,5.0,5.0171801374015566,4.722724024748364,0.677751898765564,0.21347780525684357,0.0,0.8648125529289246
captures/defined_pilot_sweep_20260417_170605_qpsk_paper_k03_r02,0,3,0,5.0,6.147920986454007,7.617028642440138,0.8990150690078735,0.21826036274433136,0.0,0.9232779145240784
captures/defined_pilot_sweep_20260417_170605_qpsk_paper_k03_r02,1,3,0,5.0,5.504662728737926,5.212908947050621,0.8990150690078735,0.2531049847602844,0.0,0.8766875267028809
captures/defined_pilot_sweep_20260417_170605_qpsk_paper_k03_r02,2,3,0,5.0,4.609299029871162,4.192766599543836,0.8990150690078735,0.31105491518974304,0.16666666666666666,0.8510028123855591
captures/defined_pilot_sweep_20260417_170605_qpsk_paper_k03_r02,3,3,0,5.0,5.355230470765445,4.7764304888140225,0.8990150690078735,0.26196539402008057,0.0,0.8661554455757141
captures/defined_pilot_sweep_20260417_170605_qpsk_paper_k03_r02,4,3,0,5.0,5.249331320816423,6.4503157245252485,0.8990150690078735,0.26843172311782837,0.0,0.9029743671417236
captures/defined_pilot_sweep_20260417_170605_qpsk_paper_k03_r02,5,3,0,5.0,4.7253126180827785,10.07481112513691,0.8990150690078735,0.3028556704521179,0.0,0.9542036652565002
captures/defined_pilot_sweep_20260417_170605_qpsk_paper_k03_r02,6,3,0,5.0,5.136425970557378,9.801867128885489,0.8990150690078735,0.2755017578601837,0.0,0.9514459371566772
captures/defined_pilot_sweep_20260417_170605_qpsk_paper_k03_r02,7,3,0,5.0,4.8339631941395975,17.6966550887558,0.8990150690078735,0.2953729033470154,0.0,0.9916089773178101
captures/defined_pilot_sweep_20260417_170605_qpsk_paper_k03_r02,8,3,0,5.0,5.123239083747246,5.894227585289186,0.8990150690078735,0.2763395607471466,0.0,0.8917978405952454
captures/defined_pilot_sweep_20260417_170605_qpsk_paper_k03_r02,9,3,0,5.0,5.174398863832098,6.746863478330468,0.8990150690078735,0.27310338616371155,0.0,0.9085273742675781
captures/defined_pilot_sweep_20260417_170605_qpsk_paper_k03_r02,10,3,0,5.0,4.362794280960129,7.943061329332207,0.8990150690078735,0.3292210102081299,0.0,0.9282442927360535
captures/defined_pilot_sweep_20260417_170605_qpsk_paper_k03_r02,11,3,0,5.0,5.490361854120258,5.306361794954265,0.8990150690078735,0.25393980741500854,0.0,0.8788549900054932
captures/defined_pilot_sweep_20260417_170605_qpsk_paper_k03_r02,12,3,0,5.0,5.234353480604041,9.840918885827097,0.8990150690078735,0.2693590819835663,0.0,0.9518495798110962
captures/defined_pilot_sweep_20260417_170605_qpsk_paper_k03_r02,13,3,0,5.0,4.986245300827525,5.023170818882786,0.8990150690078735,0.28519535064697266,0.16666666666666666,0.8721922039985657
captures/defined_pilot_sweep_20260417_170605_qpsk_paper_k03_r02,14,3,0,5.0,5.316343732431647,4.408091241917136,0.8990150690078735,0.26432156562805176,0.0,0.8567366600036621
captures/defined_pilot_sweep_20260417_170605_qpsk_paper_k03_r02,15,3,0,5.0,6.063160719588323,11.194719552545482,0.8990150690078735,0.22256194055080414,0.0,0.964059591293335
captures/defined_pilot_sweep_20260417_170605_qpsk_paper_k03_r02,16,3,0,5.0,5.302827422721251,10.823604646134529,0.8990150690078735,0.265145480632782,0.0,0.9610385894775391
captures/defined_pilot_sweep_20260417_170605_qpsk_paper_k03_r02,17,3,0,5.0,3.5013546798861643,1.6619089612805469,0.8990150690078735,0.4014500379562378,0.0,0.7710489630699158
captures/defined_pilot_sweep_20260417_170605_qpsk_paper_k03_r02,18,3,0,5.0,4.492363614588154,4.3599356621906145,0.8990150690078735,0.3195439577102661,0.16666666666666666,0.8554689288139343
captures/defined_pilot_sweep_20260417_170605_qpsk_paper_k03_r02,19,3,0,5.0,4.65910437943282,11.434291451302357,0.8990150690078735,0.30750808119773865,0.0,0.9658911228179932
captures/defined_pilot_sweep_20260417_170605_qpsk_paper_k04_r02,0,4,0,5.0,5.55802624775228,11.135462621772234,0.887256383895874,0.24674394726753235,0.0,0.9635925889015198
captures/defined_pilot_sweep_20260417_170605_qpsk_paper_k04_r02,1,4,0,5.0,5.520012329847679,7.997351152002626,0.887256383895874,0.24891318380832672,0.0,0.9290432333946228
captures/defined_pilot_sweep_20260417_170605_qpsk_paper_k04_r02,2,4,0,5.0,4.211887566768221,10.08524181179502,0.887256383895874,0.33640339970588684,0.0,0.9543061852455139
captures/defined_pilot_sweep_20260417_170605_qpsk_paper_k04_r02,3,4,0,5.0,3.917376267071803,4.8533976912830425,0.887256383895874,0.36000746488571167,0.125,0.8680620193481445
captures/defined_pilot_sweep_20260417_170605_qpsk_paper_k04_r02,4,4,0,5.0,5.056649591035047,4.2623530568026,0.887256383895874,0.2769390344619751,0.125,0.8528743982315063
captures/defined_pilot_sweep_20260417_170605_qpsk_paper_k04_r02,5,4,0,5.0,5.277728619090989,5.005595567394958,0.887256383895874,0.26319417357444763,0.0,0.8717696070671082
captures/defined_pilot_sweep_20260417_170605_qpsk_paper_k04_r02,6,4,0,5.0,5.713986199460354,0.33567470128750054,0.887256383895874,0.23804031312465668,0.125,0.7206339836120605
captures/defined_pilot_sweep_20260417_170605_qpsk_paper_k04_r02,7,4,0,5.0,4.726509657140422,6.702678422347049,0.887256383895874,0.2988120913505554,0.0,0.9077175259590149
captures/defined_pilot_sweep_20260417_170605_qpsk_paper_k04_r02,8,4,0,5.0,4.9086631297812024,9.988003373714777,0.887256383895874,0.28653839230537415,0.0,0.9533427953720093
captures/defined_pilot_sweep_20260417_170605_qpsk_paper_k04_r02,9,4,0,5.0,5.0091106926523175,6.970630162591929,0.887256383895874,0.2799871265888214,0.0,0.91253662109375
captures/defined_pilot_sweep_20260417_170605_qpsk_paper_k04_r02,10,4,0,5.0,5.578564229497797,4.14993280756333,0.887256383895874,0.24557983875274658,0.0,0.8498420119285583
captures/defined_pilot_sweep_20260417_170605_qpsk_paper_k04_r02,11,4,0,5.0,3.7583828329064852,2.640809500867186,0.887256383895874,0.37343141436576843,0.125,0.804673969745636
captures/defined_pilot_sweep_20260417_170605_qpsk_paper_k04_r02,12,4,0,5.0,3.9536319656690506,8.725918414901972,0.887256383895874,0.35701456665992737,0.0,0.939021646976471
captures/defined_pilot_sweep_20260417_170605_qpsk_paper_k04_r02,13,4,0,5.0,4.15446426234768,11.202700675682465,0.887256383895874,0.3408809304237366,0.0,0.9641222357749939
captures/defined_pilot_sweep_20260417_170605_qpsk_paper_k04_r02,14,4,0,5.0,5.033148602994142,7.915880601021464,0.887256383895874,0.2784416973590851,0.0,0.9278414249420166
captures/defined_pilot_sweep_20260417_170605_qpsk_paper_k04_r02,15,4,0,5.0,4.181139280156023,6.415076693288749,0.887256383895874,0.3387936055660248,0.0,0.9022960066795349
captures/defined_pilot_sweep_20260417_170605_qpsk_paper_k04_r02,16,4,0,5.0,4.024138691112375,5.751444559613671,0.887256383895874,0.3512653112411499,0.0,0.8887627720832825
captures/defined_pilot_sweep_20260417_170605_qpsk_paper_k04_r02,17,4,0,5.0,4.1145941029110205,6.117425602014819,0.887256383895874,0.34402477741241455,0.0,0.8964057564735413
captures/defined_pilot_sweep_20260417_170605_qpsk_paper_k04_r02,18,4,0,5.0,3.6302842942893667,8.841173886095245,0.887256383895874,0.384610116481781,0.0,0.9404788613319397
captures/defined_pilot_sweep_20260417_170605_qpsk_paper_k04_r02,19,4,0,5.0,5.949802466346345,5.655084415934349,0.887256383895874,0.22545967996120453,0.0,0.8866756558418274
captures/defined_pilot_sweep_20260417_170605_qpsk_paper_k06_r01,0,6,0,5.0,4.734223054820067,2.8731167281188714,0.8845522403717041,0.2973727583885193,0.08333333333333333,0.8121642470359802
captures/defined_pilot_sweep_20260417_170605_qpsk_paper_k06_r01,1,6,0,5.0,3.6213377926764982,8.014073969306834,0.8845522403717041,0.3842286169528961,0.0,0.9292875528335571
captures/defined_pilot_sweep_20260417_170605_qpsk_paper_k06_r01,2,6,0,5.0,4.01349508268991,5.981807641869321,0.8845522403717041,0.35105404257774353,0.0,0.893625795841217
captures/defined_pilot_sweep_20260417_170605_qpsk_paper_k06_r01,3,6,0,5.0,6.062161750850659,7.12555143919017,0.8845522403717041,0.21903187036514282,0.0,0.9152225852012634
captures/defined_pilot_sweep_20260417_170605_qpsk_paper_k06_r01,4,6,0,5.0,4.93912711968343,5.092799302517401,0.8845522403717041,0.28366827964782715,0.0,0.8738567233085632
captures/defined_pilot_sweep_20260417_170605_qpsk_paper_k06_r01,5,6,0,5.0,5.207137692716596,7.539081414081739,0.8845522403717041,0.26669183373451233,0.0,0.9220468401908875
captures/defined_pilot_sweep_20260417_170605_qpsk_paper_k06_r01,6,6,0,5.0,4.7761969538597215,3.0350726347992163,0.8845522403717041,0.294512540102005,0.08333333333333333,0.8172716498374939
captures/defined_pilot_sweep_20260417_170605_qpsk_paper_k06_r01,7,6,0,5.0,4.542400807148575,4.411827753735796,0.8845522403717041,0.3108017146587372,0.08333333333333333,0.8568345904350281
captures/defined_pilot_sweep_20260417_170605_qpsk_paper_k06_r01,8,6,0,5.0,5.475667832804524,7.9260317211025875,0.8845522403717041,0.250701367855072,0.0,0.9279921650886536
captures/defined_pilot_sweep_20260417_170605_qpsk_paper_k06_r01,9,6,0,5.0,5.301736767073869,8.839775242785858,0.8845522403717041,0.26094549894332886,0.0,0.9404613971710205
captures/defined_pilot_sweep_20260417_170605_qpsk_paper_k06_r01,10,6,0,5.0,5.329722467268597,8.142264925730787,0.8845522403717041,0.2592693865299225,0.0,0.931136965751648
captures/defined_pilot_sweep_20260417_170605_qpsk_paper_k06_r01,11,6,0,5.0,5.0012370108913355,5.350786579033173,0.8845522403717041,0.2796403169631958,0.08333333333333333,0.8798748850822449
captures/defined_pilot_sweep_20260417_170605_qpsk_paper_k06_r01,12,6,0,5.0,6.118865474626741,8.793285508862521,0.8845522403717041,0.2161906659603119,0.0,0.9398772716522217
captures/defined_pilot_sweep_20260417_170605_qpsk_paper_k06_r01,13,6,0,5.0,4.955209873076878,8.665259245131477,0.8845522403717041,0.28261974453926086,0.0,0.9382417798042297
captures/defined_pilot_sweep_20260417_170605_qpsk_paper_k06_r01,14,6,0,5.0,5.268280585819587,2.4382590094167518,0.8845522403717041,0.2629634737968445,0.08333333333333333,0.7979870438575745
captures/defined_pilot_sweep_20260417_170605_qpsk_paper_k06_r01,15,6,0,5.0,5.210315248775431,5.697679025852349,0.8845522403717041,0.26649677753448486,0.08333333333333333,0.8876020908355713
captures/defined_pilot_sweep_20260417_170605_qpsk_paper_k06_r01,16,6,0,5.0,4.6580568207397794,9.094233893297654,0.8845522403717041,0.302634060382843,0.0,0.943568229675293
captures/defined_pilot_sweep_20260417_170605_qpsk_paper_k06_r01,17,6,0,5.0,3.9022557368944657,4.424987406628253,0.8845522403717041,0.36016201972961426,0.08333333333333333,0.8571793437004089
captures/defined_pilot_sweep_20260417_170605_qpsk_paper_k06_r01,18,6,0,5.0,5.503067399383034,4.845837696632965,0.8845522403717041,0.249124675989151,0.0,0.8678756356239319
captures/defined_pilot_sweep_20260417_170605_qpsk_paper_k06_r01,19,6,0,5.0,5.6958679742992855,7.409505255804349,0.8845522403717041,0.2383069396018982,0.0,0.9199619293212891
captures/defined_pilot_sweep_20260417_170605_qpsk_paper_k06_r03,0,6,0,5.0,5.2523603719829985,5.047761448736395,1.0303820371627808,0.3074413239955902,0.08333333333333333,0.8727820515632629
captures/defined_pilot_sweep_20260417_170605_qpsk_paper_k06_r03,1,6,0,5.0,5.8865332481956,11.483304114733897,1.0303820371627808,0.2656714916229248,0.0,0.966254711151123
captures/defined_pilot_sweep_20260417_170605_qpsk_paper_k06_r03,2,6,0,5.0,5.101846034705524,9.750644311277796,1.0303820371627808,0.31828317046165466,0.0,0.9509116411209106
captures/defined_pilot_sweep_20260417_170605_qpsk_paper_k06_r03,3,6,0,5.0,4.952682362761855,3.2304980101156384,1.0303820371627808,0.32940489053726196,0.08333333333333333,0.8233086466789246
captures/defined_pilot_sweep_20260417_170605_qpsk_paper_k06_r03,4,6,0,5.0,4.2313123602062985,7.241796157911944,1.0303820371627808,0.38892605900764465,0.0,0.9171916246414185
captures/defined_pilot_sweep_20260417_170605_qpsk_paper_k06_r03,5,6,0,5.0,4.7084736632619855,4.841617387281958,1.0303820371627808,0.3484583795070648,0.0,0.8677713871002197
captures/defined_pilot_sweep_20260417_170605_qpsk_paper_k06_r03,6,6,0,5.0,4.982725379150585,8.151077724159355,1.0303820371627808,0.32713404297828674,0.0,0.9312623143196106
captures/defined_pilot_sweep_20260417_170605_qpsk_paper_k06_r03,7,6,0,5.0,5.328746275560674,8.736680689020101,1.0303820371627808,0.3020811676979065,0.0,0.9391589164733887
captures/defined_pilot_sweep_20260417_170605_qpsk_paper_k06_r03,8,6,0,5.0,3.8788284844800183,1.7990498225912939,1.0303820371627808,0.4218086004257202,0.16666666666666666,0.7759546637535095
captures/defined_pilot_sweep_20260417_170605_qpsk_paper_k06_r03,9,6,0,5.0,4.494728187829332,4.090378658092077,1.0303820371627808,0.36603739857673645,0.0,0.8482170701026917
captures/defined_pilot_sweep_20260417_170605_qpsk_paper_k06_r03,10,6,0,5.0,5.874016647655326,5.688607740271592,1.0303820371627808,0.2664382755756378,0.08333333333333333,0.8874052166938782
captures/defined_pilot_sweep_20260417_170605_qpsk_paper_k06_r03,11,6,0,5.0,5.1908966231288645,2.6759944486386944,1.0303820371627808,0.3118233382701874,0.08333333333333333,0.8058207035064697
captures/defined_pilot_sweep_20260417_170605_qpsk_paper_k06_r03,12,6,0,5.0,4.679003889007043,4.685515653454105,1.0303820371627808,0.35083094239234924,0.08333333333333333,0.8638761043548584
captures/defined_pilot_sweep_20260417_170605_qpsk_paper_k06_r03,13,6,0,5.0,6.51972511960224,6.618756877125465,1.0303820371627808,0.22962848842144012,0.0,0.9061625003814697
captures/defined_pilot_sweep_20260417_170605_qpsk_paper_k06_r03,14,6,0,5.0,5.02894871631648,3.8351132566653634,1.0303820371627808,0.32367071509361267,0.08333333333333333,0.8411049246788025
captures/defined_pilot_sweep_20260417_170605_qpsk_paper_k06_r03,15,6,0,5.0,5.037599960220691,4.024549015781622,1.0303820371627808,0.3230265974998474,0.08333333333333333,0.8464056253433228
captures/defined_pilot_sweep_20260417_170605_qpsk_paper_k06_r03,16,6,0,5.0,3.2441878939478435,3.2617854647820326,1.0303820371627808,0.48817944526672363,0.08333333333333333,0.824262261390686
captures/defined_pilot_sweep_20260417_170605_qpsk_paper_k06_r03,17,6,0,5.0,3.6057423075516537,3.750199492900572,1.0303820371627808,0.44918376207351685,0.0,0.8386861681938171
captures/defined_pilot_sweep_20260417_170605_qpsk_paper_k06_r03,18,6,0,5.0,3.8208473666725946,7.700521020079304,1.0303820371627808,0.42747777700424194,0.0,0.9245777726173401
captures/defined_pilot_sweep_20260417_170605_qpsk_paper_k06_r03,19,6,0,5.0,5.872291507029008,3.3283559166533685,1.0303820371627808,0.2665441334247589,0.16666666666666666,0.8262794613838196
captures/defined_pilot_sweep_20260417_170605_qpsk_paper_k06_r05,0,6,0,5.0,5.248722974082219,7.032489813297172,0.7118049263954163,0.21256349980831146,0.0,0.9136177897453308
captures/defined_pilot_sweep_20260417_170605_qpsk_paper_k06_r05,1,6,0,5.0,5.041749996361206,5.983677861975272,0.7118049263954163,0.22293896973133087,0.0,0.8936644792556763
captures/defined_pilot_sweep_20260417_170605_qpsk_paper_k06_r05,2,6,0,5.0,4.600024516872432,6.431265514068977,0.7118049263954163,0.24680760502815247,0.0,0.9026082754135132
captures/defined_pilot_sweep_20260417_170605_qpsk_paper_k06_r05,3,6,0,5.0,4.2851377993688295,6.076485800251323,0.7118049263954163,0.26536718010902405,0.0,0.8955730199813843
captures/defined_pilot_sweep_20260417_170605_qpsk_paper_k06_r05,4,6,0,5.0,6.735687745435284,10.371123050186096,0.7118049263954163,0.15093578398227692,0.0,0.957032322883606
captures/defined_pilot_sweep_20260417_170605_qpsk_paper_k06_r05,5,6,0,5.0,6.441426452491315,4.852729087979328,0.7118049263954163,0.16151703894138336,0.0,0.8680455088615417
captures/defined_pilot_sweep_20260417_170605_qpsk_paper_k06_r05,6,6,0,5.0,5.479478947707841,6.079820202025834,0.7118049263954163,0.20156405866146088,0.08333333333333333,0.895641028881073
captures/defined_pilot_sweep_20260417_170605_qpsk_paper_k06_r05,7,6,0,5.0,3.118280890259904,6.107687581463703,0.7118049263954163,0.3471625745296478,0.0,0.8962081670761108
captures/defined_pilot_sweep_20260417_170605_qpsk_paper_k06_r05,8,6,0,5.0,4.2720709596585476,6.560976731544445,0.7118049263954163,0.2661668062210083,0.0,0.9050790071487427
captures/defined_pilot_sweep_20260417_170605_qpsk_paper_k06_r05,9,6,0,5.0,5.141695323871777,0.4936509284663914,0.7118049263954163,0.21786700189113617,0.16666666666666666,0.7269018292427063
captures/defined_pilot_sweep_20260417_170605_qpsk_paper_k06_r05,10,6,0,5.0,5.192907022859909,3.5294194652185764,0.7118049263954163,0.21531301736831665,0.08333333333333333,0.8322740197181702
captures/defined_pilot_sweep_20260417_170605_qpsk_paper_k06_r05,11,6,0,5.0,7.5231711369549465,8.789405635254978,0.7118049263954163,0.12590526044368744,0.0,0.9398282170295715
captures/defined_pilot_sweep_20260417_170605_qpsk_paper_k06_r05,12,6,0,5.0,5.173145912196531,7.972743945954441,0.7118049263954163,0.21629495918750763,0.0,0.9286819696426392
captures/defined_pilot_sweep_20260417_170605_qpsk_paper_k06_r05,13,6,0,5.0,4.032573677492598,4.986511103527792,0.7118049263954163,0.28125718235969543,0.08333333333333333,0.8713091015815735
captures/defined_pilot_sweep_20260417_170605_qpsk_paper_k06_r05,14,6,0,5.0,5.7172059658280885,4.57701772684064,0.7118049263954163,0.19082725048065186,0.08333333333333333,0.8611171245574951
captures/defined_pilot_sweep_20260417_170605_qpsk_paper_k06_r05,15,6,0,5.0,5.5519850051280795,7.073090116884627,0.7118049263954163,0.19822685420513153,0.0,0.9143211245536804
captures/defined_pilot_sweep_20260417_170605_qpsk_paper_k06_r05,16,6,0,5.0,5.828742695995026,6.556758186192745,0.7118049263954163,0.18598876893520355,0.08333333333333333,0.9049994349479675
captures/defined_pilot_sweep_20260417_170605_qpsk_paper_k06_r05,17,6,0,5.0,5.945037660443901,5.103508879450736,0.7118049263954163,0.18107447028160095,0.08333333333333333,0.8741112947463989
captures/defined_pilot_sweep_20260417_170605_qpsk_paper_k06_r05,18,6,0,5.0,4.1957542615095,9.369348357909743,0.7118049263954163,0.2708853781223297,0.0,0.9467605948448181
captures/defined_pilot_sweep_20260417_170605_qpsk_paper_k06_r05,19,6,0,5.0,5.694061198517954,5.728456927637037,0.7118049263954163,0.19184693694114685,0.0,0.8882677555084229
captures/defined_pilot_sweep_20260417_170605_qpsk_paper_k08_r01,0,8,0,5.0,6.6532204158479935,9.466762536768265,1.0112245082855225,0.21853728592395782,0.0,0.9478507041931152
captures/defined_pilot_sweep_20260417_170605_qpsk_paper_k08_r01,1,8,0,5.0,4.686479939388436,4.257375031343656,1.0112245082855225,0.3437158763408661,0.0,0.8527409434318542
captures/defined_pilot_sweep_20260417_170605_qpsk_paper_k08_r01,2,8,0,5.0,4.5644102312817205,4.727402731588898,1.0112245082855225,0.3535139560699463,0.0625,0.8649298548698425
captures/defined_pilot_sweep_20260417_170605_qpsk_paper_k08_r01,3,8,0,5.0,5.548292563982144,5.1310569449471375,1.0112245082855225,0.2818501889705658,0.125,0.8747639656066895
captures/defined_pilot_sweep_20260417_170605_qpsk_paper_k08_r01,4,8,0,5.0,3.9933656462900173,5.453676278735253,1.0112245082855225,0.4031911790370941,0.0625,0.8822100758552551
captures/defined_pilot_sweep_20260417_170605_qpsk_paper_k08_r01,5,8,0,5.0,5.51863964905793,3.4616487199685206,1.0112245082855225,0.2837812006473541,0.0625,0.830269992351532
captures/defined_pilot_sweep_20260417_170605_qpsk_paper_k08_r01,6,8,0,5.0,4.742856913348728,10.48197163231114,1.0112245082855225,0.3392828404903412,0.0,0.9580477476119995
captures/defined_pilot_sweep_20260417_170605_qpsk_paper_k08_r01,7,8,0,5.0,5.481492611204527,7.668559567856953,1.0112245082855225,0.28621891140937805,0.0,0.9240824580192566
captures/defined_pilot_sweep_20260417_170605_qpsk_paper_k08_r01,8,8,0,5.0,4.75354388046912,3.5622661369157043,1.0112245082855225,0.33844897150993347,0.1875,0.8332391977310181
captures/defined_pilot_sweep_20260417_170605_qpsk_paper_k08_r01,9,8,0,5.0,6.258807702500896,10.626076352736948,1.0112245082855225,0.2393132895231247,0.0,0.9593347907066345
captures/defined_pilot_sweep_20260417_170605_qpsk_paper_k08_r01,10,8,0,5.0,5.274534329798426,5.893168121227744,1.0112245082855225,0.3001885712146759,0.0,0.8917756676673889
captures/defined_pilot_sweep_20260417_170605_qpsk_paper_k08_r01,11,8,0,5.0,6.250315651677889,8.54453862556145,1.0112245082855225,0.2397816926240921,0.0,0.9366627335548401
captures/defined_pilot_sweep_20260417_170605_qpsk_paper_k08_r01,12,8,0,5.0,4.017762377907885,2.8185729096978394,1.0112245082855225,0.40093258023262024,0.125,0.8104228377342224
captures/defined_pilot_sweep_20260417_170605_qpsk_paper_k08_r01,13,8,0,5.0,3.7211083798543205,6.6927905439270265,1.0112245082855225,0.42927613854408264,0.0,0.9075354337692261
captures/defined_pilot_sweep_20260417_170605_qpsk_paper_k08_r01,14,8,0,5.0,4.171358920921763,7.442051148649584,1.0112245082855225,0.3870006501674652,0.0,0.920490026473999
captures/defined_pilot_sweep_20260417_170605_qpsk_paper_k08_r01,15,8,0,5.0,4.7667271673221325,6.114218816626659,1.0112245082855225,0.3374231457710266,0.0,0.8963407278060913
captures/defined_pilot_sweep_20260417_170605_qpsk_paper_k08_r01,16,8,0,5.0,6.909120121792727,6.401157807275981,1.0112245082855225,0.2060324251651764,0.0,0.9020270109176636
captures/defined_pilot_sweep_20260417_170605_qpsk_paper_k08_r01,17,8,0,5.0,6.600818531708104,9.26574714965705,1.0112245082855225,0.22119012475013733,0.0,0.945578396320343
captures/defined_pilot_sweep_20260417_170605_qpsk_paper_k08_r01,18,8,0,5.0,4.416839719629605,4.691731321447542,1.0112245082855225,0.3657325506210327,0.0625,0.8640327453613281
captures/defined_pilot_sweep_20260417_170605_qpsk_paper_k08_r01,19,8,0,5.0,4.633798354659412,5.5247020544692305,1.0112245082855225,0.34791067242622375,0.0625,0.8838006258010864
captures/defined_pilot_sweep_20260417_171848_qpsk_paper_k01_r01,0,1,0,5.0,5.098594422287302,99.0,0.8657777905464172,0.2676375210285187,0.0,1.0000001192092896
captures/defined_pilot_sweep_20260417_171848_qpsk_paper_k01_r01,1,1,0,5.0,5.471581056938821,99.0,0.8657777905464172,0.2456112951040268,0.0,1.0000001192092896
captures/defined_pilot_sweep_20260417_171848_qpsk_paper_k01_r01,2,1,0,5.0,4.504705047173807,99.0,0.8657777905464172,0.3068569302558899,0.0,1.0
captures/defined_pilot_sweep_20260417_171848_qpsk_paper_k01_r01,3,1,0,5.0,5.023957255794357,99.0,0.8657777905464172,0.2722768485546112,0.0,1.0
captures/defined_pilot_sweep_20260417_171848_qpsk_paper_k01_r01,4,1,0,5.0,4.9029851837441605,99.0,0.8657777905464172,0.27996769547462463,0.0,1.0
captures/defined_pilot_sweep_20260417_171848_qpsk_paper_k01_r01,5,1,0,5.0,5.350346126426883,99.0,0.8657777905464172,0.2525642216205597,0.0,1.0000001192092896
captures/defined_pilot_sweep_20260417_171848_qpsk_paper_k01_r01,6,1,0,5.0,5.2782014784027895,99.0,0.8657777905464172,0.25679484009742737,0.0,1.0
captures/defined_pilot_sweep_20260417_171848_qpsk_paper_k01_r01,7,1,0,5.0,4.8134737132896195,99.0,0.8657777905464172,0.28579792380332947,0.0,1.000000238418579
captures/defined_pilot_sweep_20260417_171848_qpsk_paper_k01_r01,8,1,0,5.0,4.493986206434418,99.0,0.8657777905464172,0.3076152205467224,0.0,1.0000001192092896
captures/defined_pilot_sweep_20260417_171848_qpsk_paper_k01_r01,9,1,0,5.0,4.249796314897994,99.0,0.8657777905464172,0.325406938791275,0.0,1.0000001192092896
captures/defined_pilot_sweep_20260417_171848_qpsk_paper_k01_r01,10,1,0,5.0,4.895797241923025,99.0,0.8657777905464172,0.28043144941329956,0.0,1.0000001192092896
captures/defined_pilot_sweep_20260417_171848_qpsk_paper_k01_r01,11,1,0,5.0,5.8055450490971925,99.0,0.8657777905464172,0.22743219137191772,0.0,1.0000001192092896
captures/defined_pilot_sweep_20260417_171848_qpsk_paper_k01_r01,12,1,0,5.0,4.925217268246842,99.0,0.8657777905464172,0.27853816747665405,0.0,1.0000001192092896
captures/defined_pilot_sweep_20260417_171848_qpsk_paper_k01_r01,13,1,0,5.0,5.894153312917407,99.0,0.8657777905464172,0.22283895313739777,0.0,1.0
captures/defined_pilot_sweep_20260417_171848_qpsk_paper_k01_r01,14,1,0,5.0,5.482555100650057,99.0,0.8657777905464172,0.2449914515018463,0.0,0.9999999403953552
captures/defined_pilot_sweep_20260417_171848_qpsk_paper_k01_r01,15,1,0,5.0,5.277642555731003,99.0,0.8657777905464172,0.2568278908729553,0.0,1.0000001192092896
captures/defined_pilot_sweep_20260417_171848_qpsk_paper_k01_r01,16,1,0,5.0,5.638453582132641,99.0,0.8657777905464172,0.23635298013687134,0.0,1.0000001192092896
captures/defined_pilot_sweep_20260417_171848_qpsk_paper_k01_r01,17,1,0,5.0,6.033688508788424,99.0,0.8657777905464172,0.21579311788082123,0.0,1.0
captures/defined_pilot_sweep_20260417_171848_qpsk_paper_k01_r01,18,1,0,5.0,4.763998211295447,99.0,0.8657777905464172,0.2890723943710327,0.0,1.0000001192092896
captures/defined_pilot_sweep_20260417_171848_qpsk_paper_k01_r01,19,1,0,5.0,5.352664615740906,99.0,0.8657777905464172,0.25242942571640015,0.0,1.0000001192092896
captures/defined_pilot_sweep_20260417_171848_qpsk_paper_k01_r02,0,1,0,5.0,7.400702448929857,99.0,0.6806398630142212,0.12383606284856796,0.0,1.0000001192092896
captures/defined_pilot_sweep_20260417_171848_qpsk_paper_k01_r02,1,1,0,5.0,4.9893944374272445,99.0,0.6806398630142212,0.21576347947120667,0.0,1.0000001192092896
captures/defined_pilot_sweep_20260417_171848_qpsk_paper_k01_r02,2,1,0,5.0,6.012547680783361,99.0,0.6806398630142212,0.17047575116157532,0.0,1.0
captures/defined_pilot_sweep_20260417_171848_qpsk_paper_k01_r02,3,1,0,5.0,5.1412209980328605,99.0,0.6806398630142212,0.20835085213184357,0.0,1.0000001192092896
captures/defined_pilot_sweep_20260417_171848_qpsk_paper_k01_r02,4,1,0,5.0,4.528094083523035,99.0,0.6806398630142212,0.23994293808937073,0.0,1.0000001192092896
captures/defined_pilot_sweep_20260417_171848_qpsk_paper_k01_r02,5,1,0,5.0,5.35809611552591,99.0,0.6806398630142212,0.19820187985897064,0.0,1.0000001192092896
captures/defined_pilot_sweep_20260417_171848_qpsk_paper_k01_r02,6,1,0,5.0,6.245924316204233,99.0,0.6806398630142212,0.1615566909313202,0.0,1.0
captures/defined_pilot_sweep_20260417_171848_qpsk_paper_k01_r02,7,1,0,5.0,6.37818856383446,99.0,0.6806398630142212,0.1567106544971466,0.0,1.0000001192092896
captures/defined_pilot_sweep_20260417_171848_qpsk_paper_k01_r02,8,1,0,5.0,5.529648437373163,99.0,0.6806398630142212,0.19052524864673615,0.0,1.0000001192092896
captures/defined_pilot_sweep_20260417_171848_qpsk_paper_k01_r02,9,1,0,5.0,5.319852386643466,99.0,0.6806398630142212,0.19995494186878204,0.0,1.0000001192092896
captures/defined_pilot_sweep_20260417_171848_qpsk_paper_k01_r02,10,1,0,5.0,5.061357093712292,99.0,0.6806398630142212,0.21221773326396942,0.0,1.0000001192092896
captures/defined_pilot_sweep_20260417_171848_qpsk_paper_k01_r02,11,1,0,5.0,6.1284864684502915,99.0,0.6806398630142212,0.16598495841026306,0.0,1.0000001192092896
captures/defined_pilot_sweep_20260417_171848_qpsk_paper_k01_r02,12,1,0,5.0,5.93180705056527,99.0,0.6806398630142212,0.17367474734783173,0.0,1.0
captures/defined_pilot_sweep_20260417_171848_qpsk_paper_k01_r02,13,1,0,5.0,4.334050090085631,99.0,0.6806398630142212,0.250906765460968,0.0,1.0000001192092896
captures/defined_pilot_sweep_20260417_171848_qpsk_paper_k01_r02,14,1,0,5.0,4.538302444343297,99.0,0.6806398630142212,0.23937959969043732,0.0,1.0
captures/defined_pilot_sweep_20260417_171848_qpsk_paper_k01_r02,15,1,0,5.0,5.084571432213093,99.0,0.6806398630142212,0.21108639240264893,0.0,1.0000001192092896
captures/defined_pilot_sweep_20260417_171848_qpsk_paper_k01_r02,16,1,0,5.0,4.565557938095427,99.0,0.6806398630142212,0.23788200318813324,0.0,1.0000001192092896
captures/defined_pilot_sweep_20260417_171848_qpsk_paper_k01_r02,17,1,0,5.0,5.232131229029421,99.0,0.6806398630142212,0.20403480529785156,0.0,1.0000001192092896
captures/defined_pilot_sweep_20260417_171848_qpsk_paper_k01_r02,18,1,0,5.0,5.159225864977777,99.0,0.6806398630142212,0.20748886466026306,0.0,1.0000001192092896
captures/defined_pilot_sweep_20260417_171848_qpsk_paper_k01_r02,19,1,0,5.0,4.482771242600912,99.0,0.6806398630142212,0.24246008694171906,0.0,1.0
captures/defined_pilot_sweep_20260417_171848_qpsk_paper_k01_r03,0,1,0,5.0,5.4074680184808654,99.0,1.0315412282943726,0.2969886064529419,0.0,1.0000001192092896
captures/defined_pilot_sweep_20260417_171848_qpsk_paper_k01_r03,1,1,0,5.0,3.740342218328606,99.0,1.0315412282943726,0.43596574664115906,0.0,1.0000001192092896
captures/defined_pilot_sweep_20260417_171848_qpsk_paper_k01_r03,2,1,0,5.0,6.68838839495268,99.0,1.0315412282943726,0.22113004326820374,0.0,1.0000001192092896
captures/defined_pilot_sweep_20260417_171848_qpsk_paper_k01_r03,3,1,0,5.0,4.576648466518429,99.0,1.0315412282943726,0.3596017062664032,0.0,1.0000001192092896
captures/defined_pilot_sweep_20260417_171848_qpsk_paper_k01_r03,4,1,0,5.0,3.9468104751734714,99.0,1.0315412282943726,0.41572442650794983,0.0,1.0
captures/defined_pilot_sweep_20260417_171848_qpsk_paper_k01_r03,5,1,0,5.0,4.537728271175484,99.0,1.0315412282943726,0.36283883452415466,0.0,1.0
captures/defined_pilot_sweep_20260417_171848_qpsk_paper_k01_r03,6,1,0,5.0,5.5696298700789635,99.0,1.0315412282943726,0.2861037850379944,0.0,1.0
captures/defined_pilot_sweep_20260417_171848_qpsk_paper_k01_r03,7,1,0,5.0,4.67524655769698,99.0,1.0315412282943726,0.35152962803840637,0.0,1.0
captures/defined_pilot_sweep_20260417_171848_qpsk_paper_k01_r03,8,1,0,5.0,4.929099955806865,99.0,1.0315412282943726,0.3315710425376892,0.0,1.0
captures/defined_pilot_sweep_20260417_171848_qpsk_paper_k01_r03,9,1,0,5.0,5.717433108299646,99.0,1.0315412282943726,0.2765306532382965,0.0,1.0000001192092896
captures/defined_pilot_sweep_20260417_171848_qpsk_paper_k01_r03,10,1,0,5.0,3.703186669948491,99.0,1.0315412282943726,0.4397116005420685,0.0,1.0000001192092896
captures/defined_pilot_sweep_20260417_171848_qpsk_paper_k01_r03,11,1,0,5.0,5.667318258779951,99.0,1.0315412282943726,0.2797401249408722,0.0,1.0000001192092896
captures/defined_pilot_sweep_20260417_171848_qpsk_paper_k01_r03,12,1,0,5.0,3.4375123905723792,99.0,1.0315412282943726,0.46745020151138306,0.0,1.0
captures/defined_pilot_sweep_20260417_171848_qpsk_paper_k01_r03,13,1,0,5.0,3.1032138394418594,99.0,1.0315412282943726,0.5048533082008362,0.0,1.0000001192092896
captures/defined_pilot_sweep_20260417_171848_qpsk_paper_k01_r03,14,1,0,5.0,4.373438888025336,99.0,1.0315412282943726,0.376827597618103,0.0,1.0000001192092896
captures/defined_pilot_sweep_20260417_171848_qpsk_paper_k01_r03,15,1,0,5.0,4.76975091551524,99.0,1.0315412282943726,0.34396281838417053,0.0,1.0000001192092896
captures/defined_pilot_sweep_20260417_171848_qpsk_paper_k01_r03,16,1,0,5.0,5.114787476743534,99.0,1.0315412282943726,0.31769314408302307,0.0,1.0
captures/defined_pilot_sweep_20260417_171848_qpsk_paper_k01_r03,17,1,0,5.0,5.100128545541638,99.0,1.0315412282943726,0.3187672793865204,0.0,1.0000001192092896
captures/defined_pilot_sweep_20260417_171848_qpsk_paper_k01_r03,18,1,0,5.0,4.924189746346651,99.0,1.0315412282943726,0.33194613456726074,0.0,1.0000001192092896
captures/defined_pilot_sweep_20260417_171848_qpsk_paper_k01_r03,19,1,0,5.0,4.004794179199774,99.0,1.0315412282943726,0.41021087765693665,0.0,1.0
captures/defined_pilot_sweep_20260417_172919_qpsk_paper_k02_r03,0,2,0,5.0,3.9005839131760665,5.645068743873235,0.9258110523223877,0.3771064579486847,0.0,0.8864566683769226
captures/defined_pilot_sweep_20260417_172919_qpsk_paper_k02_r03,1,2,0,5.0,5.516446185220564,16.27271140397502,0.9258110523223877,0.25994277000427246,0.0,0.9884096384048462
captures/defined_pilot_sweep_20260417_172919_qpsk_paper_k02_r03,2,2,0,5.0,5.43396090924261,15.30979933908036,0.9258110523223877,0.2649270296096802,0.0,0.9855944514274597
captures/defined_pilot_sweep_20260417_172919_qpsk_paper_k02_r03,3,2,0,5.0,3.8125946290307144,19.22157637159981,0.9258110523223877,0.38482466340065,0.0,0.9940717220306396
captures/defined_pilot_sweep_20260417_172919_qpsk_paper_k02_r03,4,2,0,5.0,4.930784430378722,11.219348239457672,0.9258110523223877,0.2974705100059509,0.0,0.9642521739006042
captures/defined_pilot_sweep_20260417_172919_qpsk_paper_k02_r03,5,2,0,5.0,5.1119411675127315,7.97939023292042,0.9258110523223877,0.28531739115715027,0.0,0.928779661655426
captures/defined_pilot_sweep_20260417_172919_qpsk_paper_k02_r03,6,2,0,5.0,4.892681418694252,10.666007841571028,0.9258110523223877,0.30009186267852783,0.0,0.9596846103668213
captures/defined_pilot_sweep_20260417_172919_qpsk_paper_k02_r03,7,2,0,5.0,4.348292097959335,13.524371886435407,0.9258110523223877,0.340167760848999,0.0,0.9785043001174927
captures/defined_pilot_sweep_20260417_172919_qpsk_paper_k02_r03,8,2,0,5.0,5.323188457357205,21.482101194031213,0.9258110523223877,0.27177125215530396,0.0,0.9964644908905029
captures/defined_pilot_sweep_20260417_172919_qpsk_paper_k02_r03,9,2,0,5.0,4.580412590802536,11.306855343782864,0.9258110523223877,0.32246389985084534,0.0,0.964928150177002
captures/defined_pilot_sweep_20260417_172919_qpsk_paper_k02_r03,10,2,0,5.0,4.9996462484064566,-2.423408188729035,0.9258110523223877,0.2927910089492798,0.25,0.6033307313919067
captures/defined_pilot_sweep_20260417_172919_qpsk_paper_k02_r03,11,2,0,5.0,5.514818800530583,5.992314317869171,0.9258110523223877,0.26004019379615784,0.0,0.8938433527946472
captures/defined_pilot_sweep_20260417_172919_qpsk_paper_k02_r03,12,2,0,5.0,5.737245587855781,21.853591007597295,0.9258110523223877,0.24705736339092255,0.0,0.9967528581619263
captures/defined_pilot_sweep_20260417_172919_qpsk_paper_k02_r03,13,2,0,5.0,6.6821098173009545,15.61839593761179,0.9258110523223877,0.19875194132328033,0.0,0.9865629076957703
captures/defined_pilot_sweep_20260417_172919_qpsk_paper_k02_r03,14,2,0,5.0,5.247666315983453,4.674914719510565,0.9258110523223877,0.27653858065605164,0.0,0.8636084198951721
captures/defined_pilot_sweep_20260417_172919_qpsk_paper_k02_r03,15,2,0,5.0,5.687278818167743,6.895072164635923,0.9258110523223877,0.24991624057292938,0.0,0.9111997485160828
captures/defined_pilot_sweep_20260417_172919_qpsk_paper_k02_r03,16,2,0,5.0,5.547581218899355,13.649956808375157,0.9258110523223877,0.25808587670326233,0.0,0.9790979027748108
captures/defined_pilot_sweep_20260417_172919_qpsk_paper_k02_r03,17,2,0,5.0,4.903202795607245,14.434607590406944,0.9258110523223877,0.29936572909355164,0.0,0.9824625253677368
captures/defined_pilot_sweep_20260417_172919_qpsk_paper_k02_r03,18,2,0,5.0,4.202104920242674,26.307659482823876,0.9258110523223877,0.3518129885196686,0.0,0.9988320469856262
captures/defined_pilot_sweep_20260417_172919_qpsk_paper_k02_r03,19,2,0,5.0,5.009176802849263,0.6988088220421961,0.9258110523223877,0.2921491861343384,0.25,0.7349423766136169
captures/defined_pilot_sweep_20260417_172919_qpsk_paper_k02_r04,0,2,0,5.0,5.906667484691232,15.280353016623405,1.0028612613677979,0.25737959146499634,0.0,0.9854986667633057
captures/defined_pilot_sweep_20260417_172919_qpsk_paper_k02_r04,1,2,0,5.0,3.9257200705161006,9.573981585888667,1.0028612613677979,0.4061335325241089,0.0,0.9490267634391785
captures/defined_pilot_sweep_20260417_172919_qpsk_paper_k02_r04,2,2,0,5.0,4.571383177802647,16.581876303895648,1.0028612613677979,0.35002779960632324,0.0,0.9891932606697083
captures/defined_pilot_sweep_20260417_172919_qpsk_paper_k02_r04,3,2,0,5.0,5.5945554735107015,6.007198011075046,1.0028612613677979,0.27655741572380066,0.0,0.8941509127616882
captures/defined_pilot_sweep_20260417_172919_qpsk_paper_k02_r04,4,2,0,5.0,4.9373571578182744,14.02492666179665,1.0028612613677979,0.321740061044693,0.0,0.9807773232460022
captures/defined_pilot_sweep_20260417_172919_qpsk_paper_k02_r04,5,2,0,5.0,3.992610470514135,7.427214236681503,1.0028612613677979,0.39992615580558777,0.0,0.9202498197555542
captures/defined_pilot_sweep_20260417_172919_qpsk_paper_k02_r04,6,2,0,5.0,5.004710469926787,14.963057314215293,1.0028612613677979,0.31678879261016846,0.0,0.9844251871109009
captures/defined_pilot_sweep_20260417_172919_qpsk_paper_k02_r04,7,2,0,5.0,6.284586832077924,8.554578605262082,1.0028612613677979,0.2359294593334198,0.0,0.9367955327033997
captures/defined_pilot_sweep_20260417_172919_qpsk_paper_k02_r04,8,2,0,5.0,5.510032595916535,7.223326724101685,1.0028612613677979,0.28199252486228943,0.0,0.9168813228607178
captures/defined_pilot_sweep_20260417_172919_qpsk_paper_k02_r04,9,2,0,5.0,6.1355889771901015,12.584069784573192,1.0028612613677979,0.24416418373584747,0.0,0.9735127687454224
captures/defined_pilot_sweep_20260417_172919_qpsk_paper_k02_r04,10,2,0,5.0,4.618529082268092,6.912054631680782,1.0028612613677979,0.3462485373020172,0.0,0.9115017652511597
captures/defined_pilot_sweep_20260417_172919_qpsk_paper_k02_r04,11,2,0,5.0,4.28193747733913,6.32710562511818,1.0028612613677979,0.37415117025375366,0.0,0.9005850553512573
captures/defined_pilot_sweep_20260417_172919_qpsk_paper_k02_r04,12,2,0,5.0,5.850818736064152,7.450712779038058,1.0028612613677979,0.26071077585220337,0.0,0.9206300973892212
captures/defined_pilot_sweep_20260417_172919_qpsk_paper_k02_r04,13,2,0,5.0,5.229433233843589,6.5748422830911535,1.0028612613677979,0.3008136451244354,0.0,0.9053398966789246
captures/defined_pilot_sweep_20260417_172919_qpsk_paper_k02_r04,14,2,0,5.0,5.149058405618334,2.9703606245275886,1.0028612613677979,0.3064326345920563,0.0,0.8152422308921814
captures/defined_pilot_sweep_20260417_172919_qpsk_paper_k02_r04,15,2,0,5.0,4.933620772574031,2.8113323821316327,1.0028612613677979,0.32201698422431946,0.25,0.8101908564567566
captures/defined_pilot_sweep_20260417_172919_qpsk_paper_k02_r04,16,2,0,5.0,4.321219478663387,10.239328254809088,1.0028612613677979,0.3707822263240814,0.0,0.955794632434845
captures/defined_pilot_sweep_20260417_172919_qpsk_paper_k02_r04,17,2,0,5.0,3.999831574733892,17.2292750387271,1.0028612613677979,0.3992617428302765,0.0,0.9906688928604126
captures/defined_pilot_sweep_20260417_172919_qpsk_paper_k02_r04,18,2,0,5.0,4.016505607186955,-4.647474590428452,1.0028612613677979,0.3977317810058594,0.25,0.5053515434265137
captures/defined_pilot_sweep_20260417_172919_qpsk_paper_k02_r04,19,2,0,5.0,5.720552709384441,6.273242915887311,1.0028612613677979,0.26864922046661377,0.0,0.8995251655578613
captures/defined_pilot_sweep_20260417_172919_qpsk_paper_k03_r03,0,3,0,5.0,5.186782095605672,5.783487909974287,0.912202775478363,0.27632054686546326,0.0,0.8894500136375427
captures/defined_pilot_sweep_20260417_172919_qpsk_paper_k03_r03,1,3,0,5.0,6.24801273327373,9.22588961706352,0.912202775478363,0.2164163738489151,0.0,0.9451171159744263
captures/defined_pilot_sweep_20260417_172919_qpsk_paper_k03_r03,2,3,0,5.0,5.005357254796493,9.16550399512683,0.912202775478363,0.288108229637146,0.0,0.9444115161895752
captures/defined_pilot_sweep_20260417_172919_qpsk_paper_k03_r03,3,3,0,5.0,4.254980828935758,16.04262596714709,0.912202775478363,0.3424469530582428,0.0,0.9877904653549194
captures/defined_pilot_sweep_20260417_172919_qpsk_paper_k03_r03,4,3,0,5.0,4.645557445599137,2.8510963132082074,0.912202775478363,0.31299373507499695,0.16666666666666666,0.81146240234375
captures/defined_pilot_sweep_20260417_172919_qpsk_paper_k03_r03,5,3,0,5.0,5.8972582571211705,10.225832062061507,0.912202775478363,0.23462028801441193,0.0,0.9556663632392883
captures/defined_pilot_sweep_20260417_172919_qpsk_paper_k03_r03,6,3,0,5.0,5.527731527670765,9.307423990920187,0.912202775478363,0.2554572522640228,0.0,0.9460567831993103
captures/defined_pilot_sweep_20260417_172919_qpsk_paper_k03_r03,7,3,0,5.0,4.598663802404949,6.332961165898803,0.912202775478363,0.31639164686203003,0.0,0.9006998538970947
captures/defined_pilot_sweep_20260417_172919_qpsk_paper_k03_r03,8,3,0,5.0,5.4376796452092115,5.214099661927357,0.912202775478363,0.2608095109462738,0.0,0.876715362071991
captures/defined_pilot_sweep_20260417_172919_qpsk_paper_k03_r03,9,3,0,5.0,5.569926771358303,7.125154857627514,0.912202775478363,0.2529872953891754,0.0,0.9152160286903381
captures/defined_pilot_sweep_20260417_172919_qpsk_paper_k03_r03,10,3,0,5.0,4.074735059639693,13.236742024672324,0.912202775478363,0.35695862770080566,0.0,0.9770826697349548
captures/defined_pilot_sweep_20260417_172919_qpsk_paper_k03_r03,11,3,0,5.0,5.002614610181678,1.4256645260262133,0.912202775478363,0.28829023241996765,0.16666666666666666,0.7624555826187134
captures/defined_pilot_sweep_20260417_172919_qpsk_paper_k03_r03,12,3,0,5.0,4.4849395926697175,9.298414329411754,0.912202775478363,0.32478609681129456,0.0,0.9459538459777832
captures/defined_pilot_sweep_20260417_172919_qpsk_paper_k03_r03,13,3,0,5.0,5.757992956651242,7.838294337208822,0.912202775478363,0.24226579070091248,0.0,0.926680326461792
captures/defined_pilot_sweep_20260417_172919_qpsk_paper_k03_r03,14,3,0,5.0,5.813182902786458,8.31571917482765,0.912202775478363,0.23920656740665436,0.0,0.9335702657699585
captures/defined_pilot_sweep_20260417_172919_qpsk_paper_k03_r03,15,3,0,5.0,4.016693888670615,8.668910836081569,0.912202775478363,0.361761212348938,0.0,0.9382888674736023
captures/defined_pilot_sweep_20260417_172919_qpsk_paper_k03_r03,16,3,0,5.0,4.690918291021033,11.398298658078437,0.912202775478363,0.3097416162490845,0.0,0.9656217694282532
captures/defined_pilot_sweep_20260417_172919_qpsk_paper_k03_r03,17,3,0,5.0,4.446516166317836,3.7138140644306556,0.912202775478363,0.3276723325252533,0.16666666666666666,0.8376416563987732
captures/defined_pilot_sweep_20260417_172919_qpsk_paper_k03_r03,18,3,0,5.0,3.3436990281167245,2.115584379079406,0.912202775478363,0.422397643327713,0.16666666666666666,0.7870389223098755
captures/defined_pilot_sweep_20260417_172919_qpsk_paper_k03_r03,19,3,0,5.0,4.9195828763612734,6.546207509964961,0.912202775478363,0.2938550114631653,0.0,0.904800295829773
captures/defined_pilot_sweep_20260417_172919_qpsk_paper_k06_r03,0,6,0,5.0,4.27713264527032,4.340776175249733,0.8747239112854004,0.3267064690589905,0.0,0.8549620509147644
captures/defined_pilot_sweep_20260417_172919_qpsk_paper_k06_r03,1,6,0,5.0,5.521388738621852,5.624011199496627,0.8747239112854004,0.24531953036785126,0.0,0.8859955668449402
captures/defined_pilot_sweep_20260417_172919_qpsk_paper_k06_r03,2,6,0,5.0,3.9468864575839833,0.5499794639788734,0.8747239112854004,0.35251885652542114,0.16666666666666666,0.7291208505630493
captures/defined_pilot_sweep_20260417_172919_qpsk_paper_k06_r03,3,6,0,5.0,6.624524385539755,4.973526115377616,0.8747239112854004,0.1902911365032196,0.0,0.8709951639175415
captures/defined_pilot_sweep_20260417_172919_qpsk_paper_k06_r03,4,6,0,5.0,6.306920005952664,8.263915621550561,0.8747239112854004,0.20472882688045502,0.0,0.9328518509864807
captures/defined_pilot_sweep_20260417_172919_qpsk_paper_k06_r03,5,6,0,5.0,3.748464355018186,2.356806340084085,0.8747239112854004,0.3689984679222107,0.16666666666666666,0.7952574491500854
captures/defined_pilot_sweep_20260417_172919_qpsk_paper_k06_r03,6,6,0,5.0,6.1232051159422785,9.988889700491665,0.8747239112854004,0.21357503533363342,0.0,0.953351616859436
captures/defined_pilot_sweep_20260417_172919_qpsk_paper_k06_r03,7,6,0,5.0,5.238286531139531,4.1905721866520285,0.8747239112854004,0.26184383034706116,0.08333333333333333,0.8509434461593628
captures/defined_pilot_sweep_20260417_172919_qpsk_paper_k06_r03,8,6,0,5.0,3.462563417659144,2.0277824057357177,0.8747239112854004,0.394107460975647,0.08333333333333333,0.7839982509613037
captures/defined_pilot_sweep_20260417_172919_qpsk_paper_k06_r03,9,6,0,5.0,6.1067563119209725,7.654418325699752,0.8747239112854004,0.2143854796886444,0.08333333333333333,0.9238625764846802
captures/defined_pilot_sweep_20260417_172919_qpsk_paper_k06_r03,10,6,0,5.0,4.852079915716276,5.461282409750492,0.8747239112854004,0.28619563579559326,0.08333333333333333,0.88238126039505
captures/defined_pilot_sweep_20260417_172919_qpsk_paper_k06_r03,11,6,0,5.0,5.380334397128349,10.819870553588501,0.8747239112854004,0.25341805815696716,0.0,0.9610070586204529
captures/defined_pilot_sweep_20260417_172919_qpsk_paper_k06_r03,12,6,0,5.0,5.865981153872639,6.202072941427056,0.8747239112854004,0.22660677134990692,0.0,0.8981102705001831
captures/defined_pilot_sweep_20260417_172919_qpsk_paper_k06_r03,13,6,0,5.0,3.9325107378053445,2.7079979186141068,0.8747239112854004,0.35368767380714417,0.08333333333333333,0.8068599104881287
captures/defined_pilot_sweep_20260417_172919_qpsk_paper_k06_r03,14,6,0,5.0,6.199945951781619,4.413047917337904,0.8747239112854004,0.2098342627286911,0.08333333333333333,0.8568666577339172
captures/defined_pilot_sweep_20260417_172919_qpsk_paper_k06_r03,15,6,0,5.0,4.469289153444956,6.930342043999672,0.8747239112854004,0.31256625056266785,0.0,0.9118258357048035
captures/defined_pilot_sweep_20260417_172919_qpsk_paper_k06_r03,16,6,0,5.0,5.0571024481551845,4.69434117859678,0.8747239112854004,0.2729988098144531,0.0,0.8640986084938049
captures/defined_pilot_sweep_20260417_172919_qpsk_paper_k06_r03,17,6,0,5.0,3.932845223397099,5.41935491378739,0.8747239112854004,0.3536604344844818,0.0,0.8814351558685303
captures/defined_pilot_sweep_20260417_172919_qpsk_paper_k06_r03,18,6,0,5.0,5.963196486701011,0.9303668447754678,0.8747239112854004,0.22159060835838318,0.16666666666666666,0.7438765168190002
captures/defined_pilot_sweep_20260417_172919_qpsk_paper_k06_r03,19,6,0,5.0,5.617744079098471,8.599965867113418,0.8747239112854004,0.23993664979934692,0.0,0.9373922348022461
captures/defined_pilot_sweep_20260417_174239_qpsk_paper_k01_r01,0,1,0,5.0,5.490910725304115,99.0,0.998714029788971,0.28206557035446167,0.0,1.0
captures/defined_pilot_sweep_20260417_174239_qpsk_paper_k01_r01,1,1,0,5.0,5.812104185299156,99.0,0.998714029788971,0.26195743680000305,0.0,1.0
captures/defined_pilot_sweep_20260417_174239_qpsk_paper_k01_r01,2,1,0,5.0,5.741348860088761,99.0,0.998714029788971,0.26626020669937134,0.0,1.0000001192092896
captures/defined_pilot_sweep_20260417_174239_qpsk_paper_k01_r01,3,1,0,5.0,3.703187327348883,99.0,0.998714029788971,0.42571839690208435,0.0,1.0
captures/defined_pilot_sweep_20260417_174239_qpsk_paper_k01_r01,4,1,0,5.0,6.152725392949053,99.0,0.998714029788971,0.2421969175338745,0.0,1.0000001192092896
captures/defined_pilot_sweep_20260417_174239_qpsk_paper_k01_r01,5,1,0,5.0,6.387091724373032,99.0,0.998714029788971,0.22947320342063904,0.0,1.000000238418579
captures/defined_pilot_sweep_20260417_174239_qpsk_paper_k01_r01,6,1,0,5.0,5.385742042942399,99.0,0.998714029788971,0.2889794409275055,0.0,1.0
captures/defined_pilot_sweep_20260417_174239_qpsk_paper_k01_r01,7,1,0,5.0,5.961570721813684,99.0,0.998714029788971,0.2530952990055084,0.0,1.0
captures/defined_pilot_sweep_20260417_174239_qpsk_paper_k01_r01,8,1,0,5.0,5.15488184448373,99.0,0.998714029788971,0.3047564923763275,0.0,1.0000001192092896
captures/defined_pilot_sweep_20260417_174239_qpsk_paper_k01_r01,9,1,0,5.0,4.819665814220632,99.0,0.998714029788971,0.32921117544174194,0.0,1.0000001192092896
captures/defined_pilot_sweep_20260417_174239_qpsk_paper_k01_r01,10,1,0,5.0,5.652140143443608,99.0,0.998714029788971,0.27178603410720825,0.0,1.0000001192092896
captures/defined_pilot_sweep_20260417_174239_qpsk_paper_k01_r01,11,1,0,5.0,5.231239073637376,99.0,0.998714029788971,0.29944512248039246,0.0,1.0
captures/defined_pilot_sweep_20260417_174239_qpsk_paper_k01_r01,12,1,0,5.0,6.632021147782945,99.0,0.998714029788971,0.21688975393772125,0.0,1.0000001192092896
captures/defined_pilot_sweep_20260417_174239_qpsk_paper_k01_r01,13,1,0,5.0,4.207650166047868,99.0,0.998714029788971,0.3790322244167328,0.0,1.0000001192092896
captures/defined_pilot_sweep_20260417_174239_qpsk_paper_k01_r01,14,1,0,5.0,6.4176461564293525,99.0,0.998714029788971,0.22786442935466766,0.0,1.000000238418579
captures/defined_pilot_sweep_20260417_174239_qpsk_paper_k01_r01,15,1,0,5.0,4.995816049149105,99.0,0.998714029788971,0.3161255121231079,0.0,1.0000001192092896
captures/defined_pilot_sweep_20260417_174239_qpsk_paper_k01_r01,16,1,0,5.0,6.120845270556664,99.0,0.998714029788971,0.24398134648799896,0.0,1.0000001192092896
captures/defined_pilot_sweep_20260417_174239_qpsk_paper_k01_r01,17,1,0,5.0,4.641896796691746,99.0,0.998714029788971,0.34296631813049316,0.0,1.0000001192092896
captures/defined_pilot_sweep_20260417_174239_qpsk_paper_k01_r01,18,1,0,5.0,4.637591098727645,99.0,0.998714029788971,0.3433065116405487,0.0,1.0000001192092896
captures/defined_pilot_sweep_20260417_174239_qpsk_paper_k01_r01,19,1,0,5.0,5.814797796214429,99.0,0.998714029788971,0.2617950141429901,0.0,1.0000001192092896
captures/defined_pilot_sweep_20260417_174239_qpsk_paper_k02_r01,0,2,0,5.0,4.907923333572729,4.714544922186282,0.9906826019287109,0.3199942708015442,0.0,0.8646070957183838
captures/defined_pilot_sweep_20260417_174239_qpsk_paper_k02_r01,1,2,0,5.0,4.027470167927572,6.669827573727699,0.9906826019287109,0.3919110596179962,0.0,0.907111406326294
captures/defined_pilot_sweep_20260417_174239_qpsk_paper_k02_r01,2,2,0,5.0,5.651458037104678,18.35087157552112,0.9906826019287109,0.26964274048805237,0.0,0.9927695989608765
captures/defined_pilot_sweep_20260417_174239_qpsk_paper_k02_r01,3,2,0,5.0,6.47253203335299,8.112013068028874,0.9906826019287109,0.22319339215755463,0.0,0.9307042956352234
captures/defined_pilot_sweep_20260417_174239_qpsk_paper_k02_r01,4,2,0,5.0,5.435227717094763,7.396032449674007,0.9906826019287109,0.2834077775478363,0.0,0.9197425842285156
captures/defined_pilot_sweep_20260417_174239_qpsk_paper_k02_r01,5,2,0,5.0,5.484422865372542,9.250614253005127,0.9906826019287109,0.2802155613899231,0.0,0.9454036355018616
captures/defined_pilot_sweep_20260417_174239_qpsk_paper_k02_r01,6,2,0,5.0,5.860694077479374,12.476025524697418,0.9906826019287109,0.2569597661495209,0.0,0.9728723764419556
captures/defined_pilot_sweep_20260417_174239_qpsk_paper_k02_r01,7,2,0,5.0,5.873117380751839,8.637878790374986,0.9906826019287109,0.2562257647514343,0.0,0.9378867745399475
captures/defined_pilot_sweep_20260417_174239_qpsk_paper_k02_r01,8,2,0,5.0,6.168050928986782,13.979507589223726,0.9906826019287109,0.2394029200077057,0.0,0.9805811643600464
captures/defined_pilot_sweep_20260417_174239_qpsk_paper_k02_r01,9,2,0,5.0,4.880853009195486,10.66312581307849,0.9906826019287109,0.3219950795173645,0.0,0.9596595764160156
captures/defined_pilot_sweep_20260417_174239_qpsk_paper_k02_r01,10,2,0,5.0,4.322296977173307,4.6048654034139505,0.9906826019287109,0.3661886155605316,0.0,0.8618291020393372
captures/defined_pilot_sweep_20260417_174239_qpsk_paper_k02_r01,11,2,0,5.0,5.7692350143589275,8.2400368061201,0.9906826019287109,0.26242852210998535,0.0,0.9325181245803833
captures/defined_pilot_sweep_20260417_174239_qpsk_paper_k02_r01,12,2,0,5.0,5.011190166187869,18.764438994141262,0.9906826019287109,0.31247517466545105,0.0,0.9934200048446655
captures/defined_pilot_sweep_20260417_174239_qpsk_paper_k02_r01,13,2,0,5.0,3.4424481078282247,14.30156477536916,0.9906826019287109,0.44842490553855896,0.0,0.981931746006012
captures/defined_pilot_sweep_20260417_174239_qpsk_paper_k02_r01,14,2,0,5.0,5.7391854368092226,11.984073336436952,0.9906826019287109,0.26425060629844666,0.0,0.9697649478912354
captures/defined_pilot_sweep_20260417_174239_qpsk_paper_k02_r01,15,2,0,5.0,5.886735558774098,9.99247130856819,0.9906826019287109,0.25542357563972473,0.0,0.953387439250946
captures/defined_pilot_sweep_20260417_174239_qpsk_paper_k02_r01,16,2,0,5.0,4.906653061827303,6.343626674472274,0.9906826019287109,0.32008787989616394,0.0,0.9009084105491638
captures/defined_pilot_sweep_20260417_174239_qpsk_paper_k02_r01,17,2,0,5.0,4.53296721620138,6.223239083400842,0.9906826019287109,0.34884926676750183,0.0,0.8985326886177063
captures/defined_pilot_sweep_20260417_174239_qpsk_paper_k02_r01,18,2,0,5.0,4.931266351012091,8.071544465274979,0.9906826019287109,0.3182789385318756,0.0,0.9301219582557678
captures/defined_pilot_sweep_20260417_174239_qpsk_paper_k02_r01,19,2,0,5.0,4.610752680129862,16.97000687088497,0.9906826019287109,0.3426567316055298,0.0,0.9901034235954285
captures/defined_pilot_sweep_20260417_174239_qpsk_paper_k02_r02,0,2,0,5.0,3.4596714640095354,9.98781074898783,0.9964193105697632,0.4492364525794983,0.0,0.9533407688140869
captures/defined_pilot_sweep_20260417_174239_qpsk_paper_k02_r02,1,2,0,5.0,5.257883403320109,21.908943580023145,0.9964193105697632,0.29692980647087097,0.0,0.996793806552887
captures/defined_pilot_sweep_20260417_174239_qpsk_paper_k02_r02,2,2,0,5.0,4.825207722270704,10.273279557264736,0.9964193105697632,0.3280358910560608,0.0,0.9561166763305664
captures/defined_pilot_sweep_20260417_174239_qpsk_paper_k02_r02,3,2,0,5.0,5.01552499141357,8.062880324124054,0.9964193105697632,0.31397107243537903,0.0,0.9299968481063843
captures/defined_pilot_sweep_20260417_174239_qpsk_paper_k02_r02,4,2,0,5.0,4.816796357180865,13.443694730480892,0.9964193105697632,0.3286718428134918,0.0,0.9781143665313721
captures/defined_pilot_sweep_20260417_174239_qpsk_paper_k02_r02,5,2,0,5.0,5.149474064741558,10.411791422169363,0.9964193105697632,0.3044351041316986,0.0,0.9574074745178223
captures/defined_pilot_sweep_20260417_174239_qpsk_paper_k02_r02,6,2,0,5.0,5.273019132147504,10.188219855949416,0.9964193105697632,0.2958967685699463,0.0,0.9553061127662659
captures/defined_pilot_sweep_20260417_174239_qpsk_paper_k02_r02,7,2,0,5.0,5.744292728302824,4.236599426202486,0.9964193105697632,0.26546841859817505,0.0,0.8521836400032043
captures/defined_pilot_sweep_20260417_174239_qpsk_paper_k02_r02,8,2,0,5.0,5.211241316512317,10.392948569274347,0.9964193105697632,0.30013594031333923,0.0,0.9572340846061707
captures/defined_pilot_sweep_20260417_174239_qpsk_paper_k02_r02,9,2,0,5.0,6.240442862741945,10.2325871735996,0.9964193105697632,0.23680880665779114,0.0,0.9557306170463562
captures/defined_pilot_sweep_20260417_174239_qpsk_paper_k02_r02,10,2,0,5.0,4.941407204196777,4.575867067647156,0.9964193105697632,0.3193753659725189,0.0,0.8610875010490417
captures/defined_pilot_sweep_20260417_174239_qpsk_paper_k02_r02,11,2,0,5.0,5.376053327996301,9.80790586853376,0.9964193105697632,0.2889593839645386,0.0,0.9515087008476257
captures/defined_pilot_sweep_20260417_174239_qpsk_paper_k02_r02,12,2,0,5.0,6.0179114004668435,14.749432589162963,0.9964193105697632,0.2492590844631195,0.0,0.9836590886116028
captures/defined_pilot_sweep_20260417_174239_qpsk_paper_k02_r02,13,2,0,5.0,5.49669097252618,11.360698723219114,0.9964193105697632,0.2810431718826294,0.0,0.9653380513191223
captures/defined_pilot_sweep_20260417_174239_qpsk_paper_k02_r02,14,2,0,5.0,5.166029790899996,8.513220973647307,0.9964193105697632,0.30327677726745605,0.0,0.9362472891807556
captures/defined_pilot_sweep_20260417_174239_qpsk_paper_k02_r02,15,2,0,5.0,5.5100882763810235,13.868941897171892,0.9964193105697632,0.2801775336265564,0.0,0.9800952076911926
captures/defined_pilot_sweep_20260417_174239_qpsk_paper_k02_r02,16,2,0,5.0,5.388522409751309,15.171595043631905,0.9964193105697632,0.2881309390068054,0.0,0.9851391315460205
captures/defined_pilot_sweep_20260417_174239_qpsk_paper_k02_r02,17,2,0,5.0,5.213526181943104,7.334587089552077,0.9964193105697632,0.2999780774116516,0.0,0.9187344908714294
captures/defined_pilot_sweep_20260417_174239_qpsk_paper_k02_r02,18,2,0,5.0,4.851282214643707,-3.3294673254351475,0.9964193105697632,0.3260723054409027,0.25,0.5632110238075256
captures/defined_pilot_sweep_20260417_174239_qpsk_paper_k02_r02,19,2,0,5.0,4.680954103961472,19.37762469396619,0.9964193105697632,0.339114785194397,0.0,0.994279146194458
captures/defined_pilot_sweep_20260417_174239_qpsk_paper_k03_r01,0,3,0,5.0,5.2812621907945845,7.244958947493341,0.9783986806869507,0.28999441862106323,0.0,0.9172444939613342
captures/defined_pilot_sweep_20260417_174239_qpsk_paper_k03_r01,1,3,0,5.0,5.159113800384555,11.089571988423918,0.9783986806869507,0.2982665002346039,0.0,0.9632267951965332
captures/defined_pilot_sweep_20260417_174239_qpsk_paper_k03_r01,2,3,0,5.0,6.02613437544106,6.347241143144702,0.9783986806869507,0.24428816139698029,0.0,0.9009789228439331
captures/defined_pilot_sweep_20260417_174239_qpsk_paper_k03_r01,3,3,0,5.0,4.749188655915481,8.565917420248514,0.9783986806869507,0.3277909755706787,0.0,0.9369450807571411
captures/defined_pilot_sweep_20260417_174239_qpsk_paper_k03_r01,4,3,0,5.0,4.747485586258303,8.912201445617182,0.9783986806869507,0.32791954278945923,0.0,0.9413610696792603
captures/defined_pilot_sweep_20260417_174239_qpsk_paper_k03_r01,5,3,0,5.0,5.442483366128399,11.093035388113181,0.9783986806869507,0.2794264554977417,0.0,0.9632547497749329
captures/defined_pilot_sweep_20260417_174239_qpsk_paper_k03_r01,6,3,0,5.0,4.707397175569026,5.011574262009245,0.9783986806869507,0.3309604823589325,0.0,0.8719133734703064
captures/defined_pilot_sweep_20260417_174239_qpsk_paper_k03_r01,7,3,0,5.0,4.9668034250296635,8.57979557184117,0.9783986806869507,0.31177085638046265,0.0,0.9371276497840881
captures/defined_pilot_sweep_20260417_174239_qpsk_paper_k03_r01,8,3,0,5.0,4.537493473175304,5.960618279875369,0.9783986806869507,0.3441648483276367,0.0,0.8931859135627747
captures/defined_pilot_sweep_20260417_174239_qpsk_paper_k03_r01,9,3,0,5.0,4.773975190260878,7.115645999982917,0.9783986806869507,0.3259254992008209,0.0,0.9150530695915222
captures/defined_pilot_sweep_20260417_174239_qpsk_paper_k03_r01,10,3,0,5.0,5.175572625011492,13.161068118039683,0.9783986806869507,0.2971382737159729,0.0,0.9766938090324402
captures/defined_pilot_sweep_20260417_174239_qpsk_paper_k03_r01,11,3,0,5.0,4.742166709925637,7.179560732322178,0.9783986806869507,0.3283213973045349,0.0,0.916142463684082
captures/defined_pilot_sweep_20260417_174239_qpsk_paper_k03_r01,12,3,0,5.0,4.771643561012857,2.3073986247091276,0.9783986806869507,0.32610052824020386,0.16666666666666666,0.7935904860496521
captures/defined_pilot_sweep_20260417_174239_qpsk_paper_k03_r01,13,3,0,5.0,4.996268372834468,8.692868471728021,0.9783986806869507,0.309662789106369,0.0,0.9385977387428284
captures/defined_pilot_sweep_20260417_174239_qpsk_paper_k03_r01,14,3,0,5.0,5.5179633222066835,10.448534561933291,0.9783986806869507,0.2746120095252991,0.0,0.9577440023422241
captures/defined_pilot_sweep_20260417_174239_qpsk_paper_k03_r01,15,3,0,5.0,4.38785415166457,12.361248447272368,0.9783986806869507,0.3562299609184265,0.0,0.9721760153770447
captures/defined_pilot_sweep_20260417_174239_qpsk_paper_k03_r01,16,3,0,5.0,4.626437410338421,9.318088375574737,0.9783986806869507,0.3371880054473877,0.0,0.9461785554885864
captures/defined_pilot_sweep_20260417_174239_qpsk_paper_k03_r01,17,3,0,5.0,6.177921701722518,4.06004401291516,0.9783986806869507,0.23589769005775452,0.16666666666666666,0.8473843336105347
captures/defined_pilot_sweep_20260417_174239_qpsk_paper_k03_r01,18,3,0,5.0,5.997318196757405,7.824715478836274,0.9783986806869507,0.24591444432735443,0.0,0.926475465297699
captures/defined_pilot_sweep_20260417_174239_qpsk_paper_k03_r01,19,3,0,5.0,4.720806252808086,1.77637651637222,0.9783986806869507,0.32994019985198975,0.0,0.7751478552818298
captures/defined_pilot_sweep_20260417_174239_qpsk_paper_k04_r01,0,4,0,5.0,4.194684731634169,9.428083122952655,0.9440634250640869,0.3593624532222748,0.0,0.9474204182624817
captures/defined_pilot_sweep_20260417_174239_qpsk_paper_k04_r01,1,4,0,5.0,5.17435839596469,7.671976632134645,0.9440634250640869,0.2867908775806427,0.0,0.9241356253623962
captures/defined_pilot_sweep_20260417_174239_qpsk_paper_k04_r01,2,4,0,5.0,5.747893065216688,10.703300273956899,0.9440634250640869,0.25131121277809143,0.0,0.960008978843689
captures/defined_pilot_sweep_20260417_174239_qpsk_paper_k04_r01,3,4,0,5.0,4.033421423280049,3.2472775851140208,0.9440634250640869,0.3729572296142578,0.125,0.8238205909729004
captures/defined_pilot_sweep_20260417_174239_qpsk_paper_k04_r01,4,4,0,5.0,3.5660560308396017,8.490863583024645,0.9440634250640869,0.415332168340683,0.0,0.9359492659568787
captures/defined_pilot_sweep_20260417_174239_qpsk_paper_k04_r01,5,4,0,5.0,6.242010171490983,7.118126887528455,0.9440634250640869,0.22428496181964874,0.0,0.9150956869125366
captures/defined_pilot_sweep_20260417_174239_qpsk_paper_k04_r01,6,4,0,5.0,4.432032473940282,7.124751405651129,0.9440634250640869,0.34024983644485474,0.0,0.915209174156189
captures/defined_pilot_sweep_20260417_174239_qpsk_paper_k04_r01,7,4,0,5.0,4.343127213514205,4.779288116756345,0.9440634250640869,0.3472869396209717,0.0,0.8662265539169312
captures/defined_pilot_sweep_20260417_174239_qpsk_paper_k04_r01,8,4,0,5.0,5.140392845269032,16.67672361301841,0.9440634250640869,0.2890426218509674,0.0,0.9894230961799622
captures/defined_pilot_sweep_20260417_174239_qpsk_paper_k04_r01,9,4,0,5.0,5.909213337592611,2.520840973602204,0.9440634250640869,0.24214741587638855,0.125,0.80073082447052
captures/defined_pilot_sweep_20260417_174239_qpsk_paper_k04_r01,10,4,0,5.0,5.623161547178271,4.495692845415145,0.9440634250640869,0.25863364338874817,0.125,0.8590210676193237
captures/defined_pilot_sweep_20260417_174239_qpsk_paper_k04_r01,11,4,0,5.0,4.693430038508206,3.9987871959611603,0.9440634250640869,0.32037466764450073,0.125,0.84569251537323
captures/defined_pilot_sweep_20260417_174239_qpsk_paper_k04_r01,12,4,0,5.0,3.388300031969668,6.389556917615865,0.9440634250640869,0.4326843321323395,0.0,0.9018023014068604
captures/defined_pilot_sweep_20260417_174239_qpsk_paper_k04_r01,13,4,0,5.0,5.073623661043948,13.599793816900466,0.9440634250640869,0.2935207486152649,0.0,0.9788629412651062
captures/defined_pilot_sweep_20260417_174239_qpsk_paper_k04_r01,14,4,0,5.0,4.76622995042111,5.524232715952387,0.9440634250640869,0.31504905223846436,0.125,0.8837902545928955
captures/defined_pilot_sweep_20260417_174239_qpsk_paper_k04_r01,15,4,0,5.0,5.14464040053952,3.665010227483223,0.9440634250640869,0.28876006603240967,0.0,0.8362331390380859
captures/defined_pilot_sweep_20260417_174239_qpsk_paper_k04_r01,16,4,0,5.0,4.898011701923344,6.501315071424494,0.9440634250640869,0.3056328296661377,0.0,0.9039492607116699
captures/defined_pilot_sweep_20260417_174239_qpsk_paper_k04_r01,17,4,0,5.0,5.186176509535158,8.210140425311694,0.9440634250640869,0.2860115170478821,0.0,0.932098388671875
captures/defined_pilot_sweep_20260417_174239_qpsk_paper_k04_r01,18,4,0,5.0,4.018142278901228,7.260842111944566,0.9440634250640869,0.3742716610431671,0.0,0.9175102710723877
captures/defined_pilot_sweep_20260417_174239_qpsk_paper_k04_r01,19,4,0,5.0,5.65245813574972,6.349549983147775,0.9440634250640869,0.2568948268890381,0.0,0.9010240435600281
captures/defined_pilot_sweep_20260417_174239_qpsk_paper_k04_r02,0,4,0,5.0,5.037371297325887,5.274277233910622,0.9264845848083496,0.29046985507011414,0.0,0.8781144618988037
captures/defined_pilot_sweep_20260417_174239_qpsk_paper_k04_r02,1,4,0,5.0,5.491822221065585,0.31616294653957233,0.9264845848083496,0.2616109848022461,0.125,0.7198553681373596
captures/defined_pilot_sweep_20260417_174239_qpsk_paper_k04_r02,2,4,0,5.0,4.511125803008826,8.117020027513654,0.9264845848083496,0.3278880715370178,0.0,0.930776059627533
captures/defined_pilot_sweep_20260417_174239_qpsk_paper_k04_r02,3,4,0,5.0,5.517907485699645,4.722882674629284,0.9264845848083496,0.2600443661212921,0.0,0.8648166060447693
captures/defined_pilot_sweep_20260417_174239_qpsk_paper_k04_r02,4,4,0,5.0,4.721588913526987,0.17021382205000785,0.9264845848083496,0.3123771846294403,0.125,0.7140006422996521
captures/defined_pilot_sweep_20260417_174239_qpsk_paper_k04_r02,5,4,0,5.0,3.6757412860829968,7.370981625178285,0.9264845848083496,0.3974331319332123,0.0,0.9193328022956848
captures/defined_pilot_sweep_20260417_174239_qpsk_paper_k04_r02,6,4,0,5.0,5.418972956512954,4.922372396781693,0.9264845848083496,0.2660363018512726,0.0,0.8697524070739746
captures/defined_pilot_sweep_20260417_174239_qpsk_paper_k04_r02,7,4,0,5.0,5.733066064345483,7.080287950471068,0.9264845848083496,0.24747514724731445,0.0,0.9144454002380371
captures/defined_pilot_sweep_20260417_174239_qpsk_paper_k04_r02,8,4,0,5.0,4.349006515460338,4.271024482853669,0.9264845848083496,0.34035924077033997,0.0,0.8531063199043274
captures/defined_pilot_sweep_20260417_174239_qpsk_paper_k04_r02,9,4,0,5.0,5.9355925457444645,8.053988366940661,0.9264845848083496,0.2361994832754135,0.0,0.9298679828643799
captures/defined_pilot_sweep_20260417_174239_qpsk_paper_k04_r02,10,4,0,5.0,6.853743686271922,8.78518121110475,0.9264845848083496,0.19118940830230713,0.0,0.9397748112678528
captures/defined_pilot_sweep_20260417_174239_qpsk_paper_k04_r02,11,4,0,5.0,4.550399661562984,2.9738657824525685,0.9264845848083496,0.32493630051612854,0.125,0.8153525590896606
captures/defined_pilot_sweep_20260417_174239_qpsk_paper_k04_r02,12,4,0,5.0,4.634621236960067,2.5919875219962156,0.9264845848083496,0.318695604801178,0.0,0.8030754327774048
captures/defined_pilot_sweep_20260417_174239_qpsk_paper_k04_r02,13,4,0,5.0,5.52201663225506,4.881688714365241,0.9264845848083496,0.25979843735694885,0.0,0.8687573671340942
captures/defined_pilot_sweep_20260417_174239_qpsk_paper_k04_r02,14,4,0,5.0,4.244011511618283,9.060746854189741,0.9264845848083496,0.3486880362033844,0.0,0.9431679248809814
captures/defined_pilot_sweep_20260417_174239_qpsk_paper_k04_r02,15,4,0,5.0,4.446640573776139,5.690345788705663,0.9264845848083496,0.3327929675579071,0.0,0.8874430656433105
captures/defined_pilot_sweep_20260417_174239_qpsk_paper_k04_r02,16,4,0,5.0,4.769007664028643,7.6268486057969795,0.9264845848083496,0.30898502469062805,0.0,0.9234319925308228
captures/defined_pilot_sweep_20260417_174239_qpsk_paper_k04_r02,17,4,0,5.0,4.6682363009285694,7.967394330519143,0.9264845848083496,0.3162383735179901,0.0,0.9286033511161804
captures/defined_pilot_sweep_20260417_174239_qpsk_paper_k04_r02,18,4,0,5.0,4.525864242972888,8.521935698608502,0.9264845848083496,0.32677721977233887,0.0,0.9363632202148438
captures/defined_pilot_sweep_20260417_174239_qpsk_paper_k04_r02,19,4,0,5.0,4.647425680960713,9.662480410473155,0.9264845848083496,0.31775736808776855,0.0,0.949979305267334
captures/defined_pilot_sweep_20260417_174239_qpsk_paper_k08_r01,0,8,0,5.0,4.56938940654813,3.626468135976168,0.9539719223976135,0.33311688899993896,0.0625,0.8351145386695862
captures/defined_pilot_sweep_20260417_174239_qpsk_paper_k08_r01,1,8,0,5.0,6.131014984269671,6.319310695727257,0.9539719223976135,0.23250596225261688,0.0625,0.9004322290420532
captures/defined_pilot_sweep_20260417_174239_qpsk_paper_k08_r01,2,8,0,5.0,4.584025155206817,11.455833229831946,0.9539719223976135,0.3319961726665497,0.0,0.9660513997077942
captures/defined_pilot_sweep_20260417_174239_qpsk_paper_k08_r01,3,8,0,5.0,5.088802972945613,3.2445010114616597,0.9539719223976135,0.2955665588378906,0.0,0.8237358331680298
captures/defined_pilot_sweep_20260417_174239_qpsk_paper_k08_r01,4,8,0,5.0,4.0095808741608385,4.410477680212722,0.9539719223976135,0.3789461553096771,0.0625,0.8567991852760315
captures/defined_pilot_sweep_20260417_174239_qpsk_paper_k08_r01,5,8,0,5.0,6.134260766702199,6.471655485170253,0.9539719223976135,0.2323322594165802,0.0,0.9033831357955933
captures/defined_pilot_sweep_20260417_174239_qpsk_paper_k08_r01,6,8,0,5.0,4.663233060169679,4.920747906884975,0.9539719223976135,0.3259960114955902,0.125,0.8697127103805542
captures/defined_pilot_sweep_20260417_174239_qpsk_paper_k08_r01,7,8,0,5.0,4.258334675866216,3.1411079215585627,0.9539719223976135,0.35785090923309326,0.0625,0.8205644488334656
captures/defined_pilot_sweep_20260417_174239_qpsk_paper_k08_r01,8,8,0,5.0,4.78003166698194,3.457760340830858,0.9539719223976135,0.3173455595970154,0.0625,0.8301544785499573
captures/defined_pilot_sweep_20260417_174239_qpsk_paper_k08_r01,9,8,0,5.0,6.44174702071253,6.016281199011436,0.9539719223976135,0.21645164489746094,0.0,0.8943381309509277
captures/defined_pilot_sweep_20260417_174239_qpsk_paper_k08_r01,10,8,0,5.0,5.523855702010071,3.8787081109970205,0.9539719223976135,0.26739299297332764,0.0625,0.8423364162445068
captures/defined_pilot_sweep_20260417_174239_qpsk_paper_k08_r01,11,8,0,5.0,6.022635239083771,3.945775062779342,0.9539719223976135,0.23838123679161072,0.0625,0.8442172408103943
captures/defined_pilot_sweep_20260417_174239_qpsk_paper_k08_r01,12,8,0,5.0,5.233339371485445,4.74853872235957,0.9539719223976135,0.2858917713165283,0.0625,0.8654593825340271
captures/defined_pilot_sweep_20260417_174239_qpsk_paper_k08_r01,13,8,0,5.0,4.647873793583337,5.338698585958481,0.9539719223976135,0.32715097069740295,0.0625,0.8795980215072632
captures/defined_pilot_sweep_20260417_174239_qpsk_paper_k08_r01,14,8,0,5.0,4.457909833579131,2.8517187136915507,0.9539719223976135,0.34177839756011963,0.0625,0.8114821910858154
captures/defined_pilot_sweep_20260417_174239_qpsk_paper_k08_r01,15,8,0,5.0,3.7329904415461383,2.6905720093117274,0.9539719223976135,0.4038653075695038,0.0625,0.8062946200370789
captures/defined_pilot_sweep_20260417_174239_qpsk_paper_k08_r01,16,8,0,5.0,5.477677945812957,5.115764026959195,0.9539719223976135,0.2702513039112091,0.0,0.8744019269943237
captures/defined_pilot_sweep_20260417_174239_qpsk_paper_k08_r01,17,8,0,5.0,4.623080318361166,1.693772911676767,0.9539719223976135,0.32902398705482483,0.125,0.7721943259239197
captures/defined_pilot_sweep_20260417_174239_qpsk_paper_k08_r01,18,8,0,5.0,5.631870080717637,9.968722118487378,0.9539719223976135,0.26082462072372437,0.0,0.9531494975090027
captures/defined_pilot_sweep_20260417_174239_qpsk_paper_k08_r01,19,8,0,5.0,5.383173598057951,7.135331282688092,0.9539719223976135,0.27619653940200806,0.0,0.915389895439148
captures/defined_pilot_sweep_20260417_174239_qpsk_paper_k08_r02,0,8,0,5.0,3.9768114471481275,8.206296575288157,0.8905448317527771,0.356430321931839,0.0,0.9320441484451294
captures/defined_pilot_sweep_20260417_174239_qpsk_paper_k08_r02,1,8,0,5.0,4.999352684274653,7.759546871533107,0.8905448317527771,0.28165698051452637,0.0,0.9254849553108215
captures/defined_pilot_sweep_20260417_174239_qpsk_paper_k08_r02,2,8,0,5.0,4.6028430617834255,6.943186771764425,0.8905448317527771,0.3085826337337494,0.0,0.9120528101921082
captures/defined_pilot_sweep_20260417_174239_qpsk_paper_k08_r02,3,8,0,5.0,4.932329878748101,7.948486406881993,0.8905448317527771,0.2860373854637146,0.0,0.9283245205879211
captures/defined_pilot_sweep_20260417_174239_qpsk_paper_k08_r02,4,8,0,5.0,4.5475515659908,2.4862092907469306,0.8905448317527771,0.31253641843795776,0.125,0.7995831370353699
captures/defined_pilot_sweep_20260417_174239_qpsk_paper_k08_r02,5,8,0,5.0,6.114198364253905,7.36908962680171,0.8905448317527771,0.21788932383060455,0.0,0.9193016290664673
captures/defined_pilot_sweep_20260417_174239_qpsk_paper_k08_r02,6,8,0,5.0,2.7319789141242308,6.454503783255956,0.8905448317527771,0.47474226355552673,0.0,0.9030548334121704
captures/defined_pilot_sweep_20260417_174239_qpsk_paper_k08_r02,7,8,0,5.0,5.45899852165855,8.85352715508765,0.8905448317527771,0.2533704340457916,0.0,0.9406331181526184
captures/defined_pilot_sweep_20260417_174239_qpsk_paper_k08_r02,8,8,0,5.0,4.490413852116693,2.7112243920422747,0.8905448317527771,0.31667545437812805,0.0625,0.8069645762443542
captures/defined_pilot_sweep_20260417_174239_qpsk_paper_k08_r02,9,8,0,5.0,6.000971699448363,7.821666956750386,0.8905448317527771,0.2236447036266327,0.0,0.9264293909072876
captures/defined_pilot_sweep_20260417_174239_qpsk_paper_k08_r02,10,8,0,5.0,5.6121010674655185,9.969483226848523,0.8905448317527771,0.24459393322467804,0.0,0.9531571865081787
captures/defined_pilot_sweep_20260417_174239_qpsk_paper_k08_r02,11,8,0,5.0,5.345837018342064,4.328680716827264,0.8905448317527771,0.260059118270874,0.0,0.8546416759490967
captures/defined_pilot_sweep_20260417_174239_qpsk_paper_k08_r02,12,8,0,5.0,3.779832925809117,4.690388132750315,0.8905448317527771,0.37296879291534424,0.0,0.8639990091323853
captures/defined_pilot_sweep_20260417_174239_qpsk_paper_k08_r02,13,8,0,5.0,5.982174206805723,7.128814709027672,0.8905448317527771,0.22461479902267456,0.0,0.9152786731719971
captures/defined_pilot_sweep_20260417_174239_qpsk_paper_k08_r02,14,8,0,5.0,4.547539142191636,4.506254973806819,0.8905448317527771,0.3125373125076294,0.0625,0.8592947125434875
captures/defined_pilot_sweep_20260417_174239_qpsk_paper_k08_r02,15,8,0,5.0,6.054352896608563,7.933712651670007,0.8905448317527771,0.2209126055240631,0.0,0.9281059503555298
captures/defined_pilot_sweep_20260417_174239_qpsk_paper_k08_r02,16,8,0,5.0,4.584174837931544,7.372028792799012,0.8905448317527771,0.30991193652153015,0.0,0.9193499088287354
captures/defined_pilot_sweep_20260417_174239_qpsk_paper_k08_r02,17,8,0,5.0,5.893071523127963,4.738159029777334,0.8905448317527771,0.22927074134349823,0.0625,0.8651996850967407
captures/defined_pilot_sweep_20260417_174239_qpsk_paper_k08_r02,18,8,0,5.0,4.0587240464429675,3.557174741138203,0.8905448317527771,0.3497706651687622,0.0625,0.8330898284912109
captures/defined_pilot_sweep_20260417_174239_qpsk_paper_k08_r02,19,8,0,5.0,4.655607825432228,6.8692074823225795,0.8905448317527771,0.30485618114471436,0.0,0.9107382893562317
